date,previous,open_price,first_trade,high,low,close,change,volume,value,frequency,index_individual,offer,offer_volume,bid,bid_volume,listed_shares,tradeble_shares,weight_for_index,foreign_sell,foreign_buy,delisting_date,non_regular_volume,non_regular_value,non_regular_frequency
2019-07-29T00:00:00,282.0,0.0,0.0,290.0,278.0,280.0,-2.0,1444800.0,405517600.0,280.0,457.5,282.0,41600.0,280.0,102300.0,21129857328.0,21129857328.0,21129857328.0,0.0,0.0,,0.0,0.0,0.0
2019-07-30T00:00:00,280.0,0.0,0.0,286.0,278.0,284.0,4.0,1125500.0,317354800.0,276.0,464.0,286.0,145100.0,284.0,122200.0,21129857328.0,21129857328.0,21129857328.0,0.0,0.0,,0.0,0.0,0.0
2019-07-31T00:00:00,284.0,0.0,0.0,286.0,280.0,280.0,-4.0,1353800.0,381813200.0,317.0,457.5,284.0,104900.0,280.0,443300.0,21129857328.0,21129857328.0,21129857328.0,0.0,0.0,,0.0,0.0,0.0
2019-08-01T00:00:00,280.0,0.0,0.0,284.0,278.0,280.0,0.0,1598700.0,446800800.0,274.0,457.5,282.0,185700.0,280.0,116200.0,21129857328.0,21129857328.0,21129857328.0,0.0,0.0,,0.0,0.0,0.0
2019-08-02T00:00:00,280.0,0.0,0.0,280.0,274.0,278.0,-2.0,795400.0,221552200.0,180.0,454.2,280.0,22900.0,278.0,98300.0,21129857328.0,21129857328.0,21129857328.0,0.0,0.0,,0.0,0.0,0.0
2019-08-05T00:00:00,278.0,0.0,0.0,278.0,266.0,268.0,-10.0,3658300.0,994227400.0,424.0,437.9,270.0,10200.0,268.0,296700.0,21129857328.0,21129857328.0,21129857328.0,0.0,0.0,,0.0,0.0,0.0
2019-08-06T00:00:00,268.0,0.0,0.0,274.0,258.0,268.0,0.0,4692200.0,1249469000.0,473.0,437.9,270.0,162300.0,268.0,1175100.0,21129857328.0,21129857328.0,21129857328.0,0.0,0.0,,1221300.0,245481300.0,1.0
2019-08-07T00:00:00,268.0,0.0,0.0,276.0,268.0,270.0,2.0,2786700.0,752886200.0,328.0,441.1,272.0,20000.0,270.0,114800.0,21129857328.0,21129857328.0,21129857328.0,0.0,0.0,,0.0,0.0,0.0
2019-08-08T00:00:00,270.0,0.0,0.0,272.0,266.0,266.0,-4.0,2840800.0,762257600.0,354.0,434.6,268.0,17100.0,266.0,551600.0,21129857328.0,21129857328.0,21129857328.0,0.0,0.0,,0.0,0.0,0.0
2019-08-09T00:00:00,266.0,0.0,0.0,276.0,266.0,270.0,4.0,5252300.0,1428592200.0,486.0,441.1,272.0,49800.0,270.0,24000.0,21129857328.0,21129857328.0,21129857328.0,0.0,0.0,,0.0,0.0,0.0
2019-08-12T00:00:00,270.0,0.0,0.0,280.0,268.0,270.0,0.0,1674900.0,456662000.0,298.0,441.1,270.0,126800.0,268.0,357900.0,21129857328.0,21129857328.0,21129857328.0,0.0,0.0,,0.0,0.0,0.0
2019-08-13T00:00:00,270.0,0.0,0.0,272.0,260.0,262.0,-8.0,3212100.0,846091000.0,355.0,428.0,264.0,427200.0,262.0,135200.0,21129857328.0,21129857328.0,21129857328.0,0.0,0.0,,800000.0,216000000.0,1.0
2019-08-14T00:00:00,262.0,0.0,0.0,268.0,260.0,262.0,0.0,3785400.0,998176400.0,482.0,428.0,264.0,55100.0,262.0,88200.0,21129857328.0,21129857328.0,21129857328.0,0.0,0.0,,0.0,0.0,0.0
2019-08-15T00:00:00,262.0,0.0,0.0,262.0,254.0,258.0,-4.0,3879000.0,997086400.0,374.0,421.5,258.0,907200.0,256.0,4500.0,21129857328.0,21129857328.0,21129857328.0,0.0,0.0,,500000.0,135000000.0,1.0
2019-08-16T00:00:00,258.0,0.0,0.0,260.0,246.0,250.0,-8.0,7161800.0,1799870600.0,721.0,408.4,252.0,121000.0,250.0,108200.0,21129857328.0,21129857328.0,21129857328.0,0.0,0.0,,60.0,2400.0,1.0
2019-08-19T00:00:00,250.0,0.0,0.0,256.0,250.0,252.0,2.0,2238000.0,565141000.0,306.0,411.7,254.0,500.0,252.0,800700.0,21129857328.0,21129857328.0,21129857328.0,0.0,0.0,,0.0,0.0,0.0
2019-08-20T00:00:00,252.0,0.0,0.0,264.0,252.0,256.0,4.0,4073900.0,1050429800.0,530.0,418.2,258.0,43000.0,256.0,318700.0,21129857328.0,21129857328.0,21129857328.0,0.0,29100.0,,0.0,0.0,0.0
2019-08-21T00:00:00,256.0,0.0,0.0,264.0,250.0,252.0,-4.0,4676700.0,1191899200.0,548.0,411.7,252.0,40300.0,250.0,592600.0,21129857328.0,21129857328.0,21129857328.0,29100.0,0.0,,0.0,0.0,0.0
2019-08-22T00:00:00,252.0,0.0,0.0,282.0,254.0,274.0,22.0,22368100.0,6051088800.0,2789.0,447.7,276.0,200000.0,274.0,493200.0,21129857328.0,21129857328.0,21129857328.0,0.0,0.0,,25000.0,6500000.0,1.0
2019-08-23T00:00:00,274.0,0.0,0.0,278.0,264.0,266.0,-8.0,6916300.0,1871802200.0,1139.0,434.6,268.0,76400.0,266.0,339500.0,21129857328.0,21129857328.0,21129857328.0,0.0,1096200.0,,0.0,0.0,0.0
2019-08-26T00:00:00,266.0,0.0,0.0,266.0,256.0,258.0,-8.0,2391800.0,621884800.0,372.0,421.5,260.0,242300.0,258.0,368700.0,21129857328.0,21129857328.0,21129857328.0,0.0,75000.0,,0.0,0.0,0.0
2019-08-27T00:00:00,258.0,0.0,0.0,266.0,256.0,258.0,0.0,1683400.0,437638800.0,354.0,421.5,260.0,164400.0,258.0,540600.0,21129857328.0,21129857328.0,21129857328.0,100.0,0.0,,0.0,0.0,0.0
2019-08-28T00:00:00,258.0,0.0,0.0,262.0,258.0,258.0,0.0,2336800.0,604618400.0,230.0,421.5,260.0,177100.0,258.0,453200.0,21129857328.0,21129857328.0,21129857328.0,0.0,30000.0,,1000.0,260000.0,1.0
2019-08-29T00:00:00,258.0,0.0,0.0,276.0,258.0,260.0,2.0,9041000.0,2421243800.0,992.0,424.8,262.0,62200.0,260.0,208700.0,21129857328.0,21129857328.0,21129857328.0,0.0,0.0,,0.0,0.0,0.0
2019-08-30T00:00:00,260.0,0.0,0.0,266.0,258.0,260.0,0.0,3206400.0,833322400.0,293.0,424.8,262.0,116500.0,260.0,568300.0,21129857328.0,21129857328.0,21129857328.0,0.0,0.0,,0.0,0.0,0.0
2019-09-02T00:00:00,260.0,0.0,0.0,262.0,252.0,254.0,-6.0,3080300.0,786990800.0,510.0,415.0,254.0,135900.0,252.0,378600.0,21129857328.0,21129857328.0,21129857328.0,174200.0,0.0,,0.0,0.0,0.0
2019-09-03T00:00:00,254.0,0.0,0.0,258.0,238.0,244.0,-10.0,8429600.0,2058349200.0,941.0,398.6,244.0,166800.0,242.0,658700.0,21129857328.0,21129857328.0,21129857328.0,4600.0,0.0,,0.0,0.0,0.0
2019-09-04T00:00:00,244.0,0.0,0.0,250.0,238.0,238.0,-6.0,9781400.0,2340277000.0,824.0,388.8,240.0,945400.0,238.0,142000.0,21129857328.0,21129857328.0,21129857328.0,639800.0,9400.0,,0.0,0.0,0.0
2019-09-05T00:00:00,238.0,0.0,0.0,246.0,238.0,244.0,6.0,4161100.0,1007786400.0,569.0,398.6,244.0,90200.0,242.0,34700.0,21129857328.0,21129857328.0,21129857328.0,7600.0,0.0,,0.0,0.0,0.0
2019-09-06T00:00:00,244.0,0.0,0.0,250.0,240.0,242.0,-2.0,2530000.0,613773800.0,425.0,395.4,244.0,2038800.0,242.0,40400.0,21129857328.0,21129857328.0,21129857328.0,1800.0,0.0,,0.0,0.0,0.0
2019-09-09T00:00:00,242.0,0.0,0.0,246.0,240.0,242.0,0.0,3123300.0,759321000.0,284.0,395.4,242.0,187600.0,240.0,883900.0,21129857328.0,21129857328.0,21129857328.0,0.0,0.0,,0.0,0.0,0.0
2019-09-10T00:00:00,242.0,0.0,0.0,246.0,240.0,242.0,0.0,3466900.0,836903800.0,351.0,395.4,244.0,144300.0,242.0,235200.0,21129857328.0,21129857328.0,21129857328.0,0.0,0.0,,0.0,0.0,0.0
2019-09-11T00:00:00,242.0,0.0,0.0,246.0,242.0,246.0,4.0,13067100.0,3169028000.0,323.0,401.9,248.0,320600.0,246.0,369800.0,21129857328.0,21129857328.0,21129857328.0,0.0,70000.0,,90.0,21240.0,1.0
2019-09-12T00:00:00,246.0,0.0,0.0,256.0,246.0,252.0,6.0,5765600.0,1450966400.0,649.0,411.7,252.0,383000.0,250.0,231100.0,21129857328.0,21129857328.0,21129857328.0,0.0,0.0,,0.0,0.0,0.0
2019-09-13T00:00:00,252.0,0.0,0.0,254.0,242.0,244.0,-8.0,4510700.0,1112876200.0,654.0,398.6,244.0,1459800.0,242.0,582200.0,21129857328.0,21129857328.0,21129857328.0,0.0,0.0,,0.0,0.0,0.0
2019-09-16T00:00:00,244.0,0.0,0.0,248.0,238.0,240.0,-4.0,3326200.0,802399000.0,444.0,392.1,242.0,25000.0,240.0,123600.0,21129857328.0,21129857328.0,21129857328.0,0.0,0.0,,0.0,0.0,0.0
2019-09-17T00:00:00,240.0,0.0,0.0,244.0,238.0,240.0,0.0,2076300.0,501145800.0,233.0,392.1,242.0,68000.0,240.0,658600.0,21129857328.0,21129857328.0,21129857328.0,0.0,0.0,,0.0,0.0,0.0
2019-09-18T00:00:00,240.0,0.0,0.0,244.0,240.0,242.0,2.0,2099700.0,507294400.0,239.0,395.4,244.0,335300.0,242.0,816000.0,21129857328.0,21129857328.0,21129857328.0,0.0,0.0,,0.0,0.0,0.0
2019-09-19T00:00:00,242.0,0.0,0.0,246.0,238.0,240.0,-2.0,1054100.0,253675800.0,234.0,392.1,242.0,158300.0,240.0,83500.0,21129857328.0,21129857328.0,21129857328.0,0.0,0.0,,0.0,0.0,0.0
2019-09-20T00:00:00,240.0,0.0,0.0,242.0,238.0,240.0,0.0,982600.0,235154400.0,193.0,392.1,240.0,43300.0,238.0,858700.0,21129857328.0,21129857328.0,21129857328.0,0.0,3800.0,,0.0,0.0,0.0
2019-09-23T00:00:00,240.0,0.0,0.0,242.0,236.0,236.0,-4.0,1219500.0,289862800.0,268.0,385.6,240.0,339100.0,236.0,1247800.0,21129857328.0,21129857328.0,21129857328.0,0.0,800.0,,0.0,0.0,0.0
2019-09-24T00:00:00,236.0,0.0,0.0,240.0,232.0,232.0,-4.0,2366800.0,552398800.0,260.0,379.0,234.0,132400.0,232.0,221200.0,21129857328.0,21129857328.0,21129857328.0,700.0,0.0,,0.0,0.0,0.0
2019-09-25T00:00:00,232.0,0.0,0.0,238.0,228.0,230.0,-2.0,1277600.0,295328600.0,158.0,375.8,232.0,46100.0,230.0,975100.0,21129857328.0,21129857328.0,21129857328.0,100.0,0.0,,0.0,0.0,0.0
2019-09-26T00:00:00,230.0,0.0,0.0,238.0,224.0,228.0,-2.0,5593800.0,1276509400.0,416.0,372.5,230.0,98100.0,228.0,874700.0,21129857328.0,21129857328.0,21129857328.0,0.0,0.0,,0.0,0.0,0.0
2019-09-27T00:00:00,228.0,0.0,0.0,230.0,220.0,224.0,-4.0,3266600.0,733408600.0,360.0,366.0,228.0,317200.0,224.0,860000.0,21129857328.0,21129857328.0,21129857328.0,0.0,0.0,,0.0,0.0,0.0
2019-09-30T00:00:00,224.0,0.0,0.0,226.0,218.0,218.0,-6.0,3597100.0,789550800.0,361.0,356.2,220.0,28700.0,218.0,329700.0,21129857328.0,21129857328.0,21129857328.0,0.0,2900.0,,0.0,0.0,0.0
2019-10-01T00:00:00,218.0,0.0,0.0,226.0,218.0,220.0,2.0,1013600.0,224672200.0,239.0,359.4,222.0,129600.0,220.0,1121000.0,21129857328.0,21129857328.0,21129857328.0,2900.0,0.0,,0.0,0.0,0.0
2019-10-02T00:00:00,220.0,0.0,0.0,222.0,208.0,210.0,-10.0,6490600.0,1377284400.0,477.0,343.1,212.0,111900.0,210.0,1363900.0,21129857328.0,21129857328.0,21129857328.0,0.0,0.0,,0.0,0.0,0.0
2019-10-03T00:00:00,210.0,0.0,0.0,212.0,202.0,202.0,-8.0,4188300.0,852750600.0,308.0,330.0,204.0,65600.0,202.0,1391500.0,21129857328.0,21129857328.0,21129857328.0,900.0,900.0,,0.0,0.0,0.0
2019-10-04T00:00:00,202.0,0.0,0.0,212.0,202.0,204.0,2.0,1629600.0,337333200.0,293.0,333.3,206.0,46700.0,204.0,84300.0,21129857328.0,21129857328.0,21129857328.0,0.0,1000.0,,0.0,0.0,0.0
2019-10-07T00:00:00,204.0,0.0,0.0,214.0,202.0,206.0,2.0,2170400.0,449534000.0,640.0,336.6,208.0,210900.0,206.0,260600.0,21129857328.0,21129857328.0,21129857328.0,800.0,0.0,,0.0,0.0,0.0
2019-10-08T00:00:00,206.0,0.0,0.0,212.0,204.0,204.0,-2.0,6557700.0,1340857800.0,391.0,333.3,206.0,2402600.0,204.0,469700.0,21129857328.0,21129857328.0,21129857328.0,200.0,0.0,,0.0,0.0,0.0
2019-10-09T00:00:00,204.0,0.0,0.0,208.0,204.0,206.0,2.0,763800.0,156230400.0,166.0,336.6,206.0,169700.0,204.0,27000.0,21129857328.0,21129857328.0,21129857328.0,0.0,0.0,,0.0,0.0,0.0
2019-10-10T00:00:00,206.0,0.0,0.0,208.0,204.0,206.0,0.0,1418000.0,290187400.0,313.0,336.6,206.0,145600.0,204.0,219300.0,21129857328.0,21129857328.0,21129857328.0,0.0,0.0,,0.0,0.0,0.0
2019-10-11T00:00:00,206.0,0.0,0.0,208.0,202.0,206.0,0.0,1690200.0,346737400.0,321.0,336.6,208.0,317500.0,206.0,239000.0,21129857328.0,21129857328.0,21129857328.0,0.0,201700.0,,0.0,0.0,0.0
2019-10-14T00:00:00,206.0,0.0,0.0,214.0,206.0,206.0,0.0,2092900.0,438914200.0,377.0,336.6,208.0,54400.0,206.0,572800.0,21129857328.0,21129857328.0,21129857328.0,119700.0,0.0,,0.0,0.0,0.0
2019-10-15T00:00:00,206.0,0.0,0.0,212.0,208.0,212.0,6.0,10617800.0,2231690200.0,364.0,346.4,212.0,357700.0,210.0,40100.0,21129857328.0,21129857328.0,21129857328.0,82000.0,0.0,,0.0,0.0,0.0
2019-10-16T00:00:00,212.0,0.0,0.0,218.0,212.0,214.0,2.0,1567300.0,335949400.0,288.0,349.6,216.0,474900.0,214.0,1500.0,21129857328.0,21129857328.0,21129857328.0,0.0,0.0,,0.0,0.0,0.0
2019-10-17T00:00:00,214.0,0.0,0.0,218.0,212.0,214.0,0.0,1194500.0,256114800.0,249.0,349.6,216.0,704200.0,214.0,63800.0,21129857328.0,21129857328.0,21129857328.0,0.0,0.0,,1839.0,393546.0,1.0
2019-10-18T00:00:00,214.0,0.0,0.0,216.0,214.0,216.0,2.0,1002600.0,215596600.0,146.0,352.9,216.0,421700.0,214.0,302600.0,21129857328.0,21129857328.0,21129857328.0,0.0,0.0,,0.0,0.0,0.0
2019-10-21T00:00:00,216.0,0.0,0.0,220.0,216.0,218.0,2.0,1735800.0,378238200.0,327.0,356.2,218.0,176500.0,216.0,924200.0,21129857328.0,21129857328.0,21129857328.0,0.0,0.0,,0.0,0.0,0.0
2019-10-22T00:00:00,218.0,0.0,0.0,220.0,216.0,216.0,-2.0,1730500.0,377277200.0,256.0,352.9,218.0,129100.0,216.0,134200.0,21129857328.0,21129857328.0,21129857328.0,0.0,120000.0,,0.0,0.0,0.0
2019-10-23T00:00:00,216.0,0.0,0.0,220.0,212.0,212.0,-4.0,1822300.0,390589000.0,272.0,346.4,214.0,29700.0,212.0,811500.0,21129857328.0,21129857328.0,21129857328.0,0.0,0.0,,0.0,0.0,0.0
2019-10-24T00:00:00,212.0,0.0,0.0,220.0,212.0,218.0,6.0,1461500.0,319053400.0,332.0,356.2,220.0,332600.0,218.0,317400.0,21129857328.0,21129857328.0,21129857328.0,0.0,100000.0,,0.0,0.0,0.0
2019-10-25T00:00:00,218.0,0.0,0.0,220.0,214.0,218.0,0.0,6466500.0,1417601600.0,291.0,356.2,218.0,28500.0,216.0,142700.0,21129857328.0,21129857328.0,21129857328.0,0.0,100000.0,,0.0,0.0,0.0
2019-10-28T00:00:00,218.0,0.0,0.0,224.0,216.0,224.0,6.0,1845500.0,407441600.0,371.0,366.0,224.0,223300.0,222.0,61800.0,21129857328.0,21129857328.0,21129857328.0,0.0,0.0,,0.0,0.0,0.0
2019-10-29T00:00:00,224.0,0.0,0.0,226.0,218.0,220.0,-4.0,1611100.0,356451400.0,331.0,359.4,222.0,98500.0,220.0,200.0,21129857328.0,21129857328.0,21129857328.0,0.0,0.0,,0.0,0.0,0.0
2019-10-30T00:00:00,220.0,0.0,0.0,222.0,216.0,216.0,-4.0,1124200.0,244795400.0,254.0,352.9,218.0,205100.0,216.0,481700.0,21129857328.0,21129857328.0,21129857328.0,0.0,0.0,,0.0,0.0,0.0
2019-10-31T00:00:00,216.0,0.0,0.0,220.0,212.0,214.0,-2.0,1326200.0,286895400.0,314.0,349.6,214.0,49300.0,212.0,551800.0,21129857328.0,21129857328.0,21129857328.0,0.0,0.0,,0.0,0.0,0.0
2019-11-01T00:00:00,214.0,0.0,0.0,214.0,206.0,206.0,-8.0,2938300.0,611367600.0,425.0,336.6,210.0,80700.0,206.0,1930500.0,21129857328.0,21129857328.0,21129857328.0,0.0,80000.0,,0.0,0.0,0.0
2019-11-04T00:00:00,206.0,0.0,0.0,210.0,206.0,208.0,2.0,1009900.0,209600800.0,171.0,339.8,210.0,412000.0,208.0,91000.0,21129857328.0,21129857328.0,21129857328.0,0.0,240000.0,,0.0,0.0,0.0
2019-11-05T00:00:00,208.0,0.0,0.0,210.0,202.0,208.0,0.0,2140400.0,439316600.0,330.0,339.8,210.0,269800.0,208.0,83400.0,21129857328.0,21129857328.0,21129857328.0,0.0,0.0,,0.0,0.0,0.0
2019-11-06T00:00:00,208.0,0.0,0.0,210.0,199.0,200.0,-8.0,11756800.0,2365991600.0,886.0,326.8,202.0,32100.0,200.0,7344800.0,21129857328.0,21129857328.0,21129857328.0,0.0,0.0,,0.0,0.0,0.0
2019-11-07T00:00:00,200.0,0.0,0.0,204.0,195.0,197.0,-3.0,7312400.0,1440963000.0,429.0,321.9,198.0,43100.0,197.0,189600.0,21129857328.0,21129857328.0,21129857328.0,0.0,0.0,,0.0,0.0,0.0
2019-11-08T00:00:00,197.0,0.0,0.0,200.0,188.0,189.0,-8.0,5144300.0,991980700.0,707.0,308.8,190.0,100.0,189.0,201300.0,21129857328.0,21129857328.0,21129857328.0,0.0,4700.0,,0.0,0.0,0.0
2019-11-11T00:00:00,189.0,0.0,0.0,193.0,190.0,190.0,1.0,1611600.0,308576800.0,387.0,310.4,192.0,101300.0,190.0,359600.0,21129857328.0,21129857328.0,21129857328.0,3600.0,0.0,,0.0,0.0,0.0
2019-11-12T00:00:00,190.0,0.0,0.0,194.0,190.0,191.0,1.0,470000.0,90388000.0,142.0,312.1,192.0,112900.0,191.0,128300.0,21129857328.0,21129857328.0,21129857328.0,1100.0,0.0,,0.0,0.0,0.0
2019-11-13T00:00:00,191.0,0.0,0.0,194.0,190.0,192.0,1.0,1523700.0,291813600.0,188.0,313.7,193.0,384800.0,192.0,503300.0,21129857328.0,21129857328.0,21129857328.0,0.0,0.0,,0.0,0.0,0.0
2019-11-14T00:00:00,192.0,0.0,0.0,193.0,188.0,189.0,-3.0,1070300.0,202710800.0,253.0,308.8,189.0,310600.0,188.0,76600.0,21129857328.0,21129857328.0,21129857328.0,0.0,0.0,,0.0,0.0,0.0
2019-11-15T00:00:00,189.0,0.0,0.0,193.0,189.0,191.0,2.0,603500.0,115544400.0,191.0,312.1,191.0,11000.0,190.0,134600.0,21129857328.0,21129857328.0,21129857328.0,0.0,60400.0,,0.0,0.0,0.0
2019-11-18T00:00:00,191.0,0.0,0.0,192.0,190.0,191.0,0.0,387600.0,73923600.0,138.0,312.1,191.0,42000.0,190.0,126500.0,21129857328.0,21129857328.0,21129857328.0,400.0,0.0,,0.0,0.0,0.0
2019-11-19T00:00:00,191.0,0.0,0.0,192.0,185.0,189.0,-2.0,2772800.0,523170300.0,357.0,308.8,189.0,26200.0,188.0,108600.0,21129857328.0,21129857328.0,21129857328.0,0.0,0.0,,0.0,0.0,0.0
2019-11-20T00:00:00,189.0,0.0,0.0,191.0,184.0,186.0,-3.0,2139200.0,400362800.0,227.0,303.9,187.0,515700.0,186.0,111500.0,21129857328.0,21129857328.0,21129857328.0,0.0,700.0,,0.0,0.0,0.0
2019-11-21T00:00:00,186.0,0.0,0.0,187.0,177.0,178.0,-8.0,3971100.0,714986800.0,517.0,290.8,178.0,21400.0,177.0,82900.0,21129857328.0,21129857328.0,21129857328.0,500.0,0.0,,0.0,0.0,0.0
2019-11-22T00:00:00,178.0,0.0,0.0,178.0,160.0,164.0,-14.0,11925800.0,2005573500.0,1293.0,267.9,165.0,193000.0,164.0,192600.0,21129857328.0,21129857328.0,21129857328.0,200.0,40000.0,,0.0,0.0,0.0
2019-11-25T00:00:00,164.0,0.0,0.0,167.0,152.0,157.0,-7.0,10741600.0,1685578100.0,992.0,256.5,157.0,653200.0,155.0,103000.0,21129857328.0,21129857328.0,21129857328.0,0.0,0.0,,0.0,0.0,0.0
2019-11-26T00:00:00,157.0,0.0,0.0,159.0,150.0,152.0,-5.0,5145600.0,782385700.0,713.0,248.3,152.0,81000.0,151.0,126200.0,21129857328.0,21129857328.0,21129857328.0,0.0,0.0,,0.0,0.0,0.0
2019-11-27T00:00:00,152.0,0.0,0.0,152.0,145.0,145.0,-7.0,7373200.0,1083449200.0,707.0,236.9,145.0,128000.0,144.0,222500.0,21129857328.0,21129857328.0,21129857328.0,0.0,0.0,,0.0,0.0,0.0
2019-11-28T00:00:00,145.0,0.0,0.0,147.0,141.0,141.0,-4.0,3856600.0,550629000.0,409.0,230.4,143.0,54000.0,141.0,56900.0,21129857328.0,21129857328.0,21129857328.0,0.0,0.0,,0.0,0.0,0.0
2019-11-29T00:00:00,141.0,0.0,0.0,144.0,140.0,140.0,-1.0,1569200.0,221593900.0,328.0,228.7,141.0,32800.0,140.0,51100.0,21129857328.0,21129857328.0,21129857328.0,0.0,0.0,,0.0,0.0,0.0
2019-12-02T00:00:00,140.0,0.0,0.0,151.0,135.0,145.0,5.0,4036900.0,589549300.0,585.0,236.9,146.0,3000.0,145.0,114800.0,21129857328.0,21129857328.0,21129857328.0,0.0,0.0,,0.0,0.0,0.0
2019-12-03T00:00:00,145.0,0.0,0.0,149.0,146.0,149.0,4.0,1969900.0,290872100.0,235.0,243.4,150.0,178000.0,149.0,9000.0,21129857328.0,21129857328.0,21129857328.0,0.0,0.0,,0.0,0.0,0.0
2019-12-04T00:00:00,149.0,0.0,0.0,152.0,148.0,151.0,2.0,1844400.0,277884500.0,299.0,246.7,152.0,1066900.0,151.0,300.0,21129857328.0,21129857328.0,21129857328.0,0.0,0.0,,0.0,0.0,0.0
2019-12-05T00:00:00,151.0,0.0,0.0,177.0,151.0,177.0,26.0,25010400.0,4211624600.0,2562.0,289.2,178.0,247400.0,177.0,95600.0,21129857328.0,21129857328.0,21129857328.0,0.0,0.0,,0.0,0.0,0.0
2019-12-06T00:00:00,177.0,0.0,0.0,186.0,167.0,171.0,-6.0,13753600.0,2426918100.0,1692.0,279.4,172.0,12500.0,171.0,215500.0,21129857328.0,21129857328.0,21129857328.0,0.0,0.0,,0.0,0.0,0.0
2019-12-09T00:00:00,171.0,0.0,0.0,179.0,168.0,168.0,-3.0,4921300.0,847607900.0,533.0,274.5,172.0,100.0,168.0,634100.0,21129857328.0,21129857328.0,21129857328.0,0.0,22900.0,,0.0,0.0,0.0
2019-12-10T00:00:00,168.0,0.0,0.0,174.0,168.0,169.0,1.0,1533600.0,261923600.0,269.0,276.1,171.0,150000.0,169.0,489200.0,21129857328.0,21129857328.0,21129857328.0,8700.0,0.0,,0.0,0.0,0.0
2019-12-11T00:00:00,169.0,0.0,0.0,172.0,169.0,169.0,0.0,947600.0,161601500.0,258.0,276.1,170.0,1500.0,169.0,199300.0,21129857328.0,21129857328.0,21129857328.0,0.0,0.0,,0.0,0.0,0.0
2019-12-12T00:00:00,169.0,0.0,0.0,174.0,169.0,170.0,1.0,1201700.0,205168800.0,230.0,277.7,171.0,34600.0,170.0,131300.0,21129857328.0,21129857328.0,21129857328.0,0.0,0.0,,0.0,0.0,0.0
2019-12-13T00:00:00,170.0,0.0,0.0,175.0,169.0,170.0,0.0,2173400.0,371948100.0,256.0,277.7,171.0,135900.0,170.0,651300.0,21129857328.0,21129857328.0,21129857328.0,0.0,92100.0,,0.0,0.0,0.0
2019-12-16T00:00:00,170.0,0.0,0.0,174.0,170.0,171.0,1.0,1088300.0,185745400.0,129.0,279.4,172.0,354200.0,171.0,122900.0,21129857328.0,21129857328.0,21129857328.0,5000.0,0.0,,0.0,0.0,0.0
2019-12-17T00:00:00,171.0,0.0,0.0,172.0,168.0,170.0,-1.0,2703800.0,457615100.0,329.0,277.7,170.0,143700.0,169.0,265800.0,21129857328.0,21129857328.0,21129857328.0,0.0,0.0,,0.0,0.0,0.0
2019-12-18T00:00:00,170.0,0.0,0.0,196.0,169.0,187.0,17.0,24174400.0,4501235300.0,2395.0,305.5,187.0,369300.0,186.0,206300.0,21129857328.0,21129857328.0,21129857328.0,9200.0,5000.0,,0.0,0.0,0.0
2019-12-19T00:00:00,187.0,0.0,0.0,204.0,183.0,191.0,4.0,25882900.0,5052809400.0,2094.0,312.1,192.0,33000.0,191.0,427900.0,21129857328.0,21129857328.0,21129857328.0,20600.0,20600.0,,90.0,10980.0,1.0
2019-12-20T00:00:00,191.0,0.0,0.0,222.0,192.0,216.0,25.0,35221300.0,7390475200.0,3777.0,352.9,218.0,782900.0,216.0,772100.0,21129857328.0,21129857328.0,21129857328.0,70000.0,44000.0,,0.0,0.0,0.0
2019-12-23T00:00:00,216.0,0.0,0.0,222.0,204.0,206.0,-10.0,13349500.0,2865169200.0,1643.0,336.6,208.0,132000.0,206.0,330000.0,21129857328.0,21129857328.0,21129857328.0,13000.0,18200.0,,0.0,0.0,0.0
2019-12-26T00:00:00,206.0,0.0,0.0,222.0,202.0,214.0,8.0,7071800.0,1502198800.0,917.0,349.6,214.0,18600.0,212.0,154300.0,21129857328.0,21129857328.0,21129857328.0,9200.0,100000.0,,0.0,0.0,0.0
2019-12-27T00:00:00,214.0,0.0,0.0,220.0,206.0,208.0,-6.0,5591000.0,1177412000.0,819.0,339.8,210.0,120500.0,208.0,94800.0,21129857328.0,21129857328.0,21129857328.0,0.0,0.0,,0.0,0.0,0.0
2019-12-30T00:00:00,208.0,0.0,0.0,212.0,196.0,198.0,-10.0,7523800.0,1502874600.0,861.0,323.5,0.0,0.0,0.0,0.0,21129857328.0,21129857328.0,21129857328.0,8000.0,0.0,,0.0,0.0,0.0
2020-01-02T00:00:00,198.0,0.0,0.0,204.0,197.0,197.0,-1.0,2467200.0,491373000.0,541.0,321.9,198.0,37900.0,197.0,317100.0,21129857328.0,21129857328.0,21129857328.0,0.0,0.0,,0.0,0.0,0.0
2020-01-03T00:00:00,197.0,0.0,0.0,206.0,194.0,199.0,2.0,4323900.0,863705500.0,553.0,325.1,199.0,27200.0,198.0,195300.0,21129857328.0,21129857328.0,21129857328.0,0.0,0.0,,0.0,0.0,0.0
2020-01-06T00:00:00,199.0,0.0,0.0,202.0,196.0,196.0,-3.0,2285000.0,451553700.0,554.0,320.2,197.0,3700.0,196.0,10700.0,21129857328.0,21129857328.0,21129857328.0,0.0,1200.0,,0.0,0.0,0.0
2020-01-07T00:00:00,196.0,0.0,0.0,199.0,196.0,199.0,3.0,1191700.0,235147000.0,330.0,325.1,199.0,93200.0,198.0,7400.0,21129857328.0,21129857328.0,21129857328.0,1200.0,252900.0,,0.0,0.0,0.0
2020-01-08T00:00:00,199.0,0.0,0.0,202.0,191.0,192.0,-7.0,5405200.0,1045031400.0,650.0,313.7,192.0,1340000.0,191.0,245500.0,21129857328.0,21129857328.0,21129857328.0,0.0,0.0,,0.0,0.0,0.0
2020-01-09T00:00:00,192.0,0.0,0.0,195.0,188.0,191.0,-1.0,6721800.0,1283432500.0,664.0,312.1,191.0,63700.0,189.0,131200.0,21129857328.0,21129857328.0,21129857328.0,0.0,0.0,,0.0,0.0,0.0
2020-01-10T00:00:00,191.0,0.0,0.0,195.0,190.0,191.0,0.0,3290200.0,629130800.0,296.0,312.1,191.0,49800.0,190.0,31500.0,21129857328.0,21129857328.0,21129857328.0,0.0,270000.0,,0.0,0.0,0.0
2020-01-13T00:00:00,191.0,0.0,0.0,198.0,191.0,195.0,4.0,4024900.0,781596600.0,469.0,318.6,196.0,85100.0,195.0,7800.0,21129857328.0,21129857328.0,21129857328.0,0.0,0.0,,0.0,0.0,0.0
2020-01-14T00:00:00,195.0,0.0,0.0,202.0,193.0,193.0,-2.0,8618100.0,1694749800.0,849.0,315.3,195.0,14200.0,193.0,21500.0,21129857328.0,21129857328.0,21129857328.0,0.0,0.0,,0.0,0.0,0.0
2020-01-15T00:00:00,193.0,0.0,0.0,195.0,189.0,189.0,-4.0,3109000.0,592116700.0,493.0,308.8,190.0,131000.0,189.0,84500.0,21129857328.0,21129857328.0,21129857328.0,0.0,260000.0,,0.0,0.0,0.0
2020-01-16T00:00:00,189.0,0.0,0.0,191.0,186.0,186.0,-3.0,2286100.0,428900900.0,343.0,303.9,186.0,112900.0,185.0,451900.0,21129857328.0,21129857328.0,21129857328.0,0.0,1000.0,,0.0,0.0,0.0
2020-01-17T00:00:00,186.0,0.0,0.0,186.0,182.0,182.0,-4.0,2692900.0,493586600.0,361.0,297.3,183.0,245200.0,182.0,129800.0,21129857328.0,21129857328.0,21129857328.0,1000.0,0.0,,0.0,0.0,0.0
2020-01-20T00:00:00,182.0,0.0,0.0,184.0,177.0,177.0,-5.0,2253100.0,403977500.0,347.0,289.2,179.0,5400.0,177.0,130600.0,21129857328.0,21129857328.0,21129857328.0,0.0,1100.0,,130.0,17910.0,2.0
2020-01-21T00:00:00,177.0,0.0,0.0,179.0,173.0,176.0,-1.0,1046800.0,183739400.0,248.0,287.5,176.0,111600.0,175.0,62400.0,21129857328.0,21129857328.0,21129857328.0,1100.0,0.0,,0.0,0.0,0.0
2020-01-22T00:00:00,176.0,0.0,0.0,179.0,170.0,170.0,-6.0,2738800.0,469322400.0,412.0,277.7,171.0,3000.0,170.0,64400.0,21129857328.0,21129857328.0,21129857328.0,0.0,200.0,,500.0,88000.0,1.0
2020-01-23T00:00:00,170.0,0.0,0.0,177.0,164.0,167.0,-3.0,1664200.0,278402600.0,322.0,272.8,168.0,4400.0,167.0,2300.0,21129857328.0,21129857328.0,21129857328.0,200.0,200.0,,0.0,0.0,0.0
2020-01-24T00:00:00,167.0,0.0,0.0,172.0,167.0,168.0,1.0,2099500.0,355058200.0,368.0,274.5,170.0,58600.0,167.0,62400.0,21129857328.0,21129857328.0,21129857328.0,200.0,200.0,,0.0,0.0,0.0
2020-01-27T00:00:00,168.0,0.0,0.0,168.0,157.0,160.0,-8.0,2827200.0,456809900.0,496.0,261.4,161.0,10700.0,160.0,38800.0,21129857328.0,21129857328.0,21129857328.0,200.0,0.0,,174400.0,20056000.0,1.0
2020-01-28T00:00:00,160.0,0.0,0.0,162.0,158.0,159.0,-1.0,1692900.0,269654500.0,239.0,259.8,160.0,10000.0,159.0,91000.0,21129857328.0,21129857328.0,21129857328.0,0.0,0.0,,0.0,0.0,0.0
2020-01-29T00:00:00,159.0,0.0,0.0,164.0,159.0,159.0,0.0,1594200.0,255545900.0,331.0,259.8,160.0,3800.0,159.0,244900.0,21129857328.0,21129857328.0,21129857328.0,0.0,0.0,,0.0,0.0,0.0
2020-01-30T00:00:00,159.0,0.0,0.0,163.0,158.0,159.0,0.0,1138200.0,180981300.0,274.0,259.8,159.0,13800.0,158.0,1173400.0,21129857328.0,21129857328.0,21129857328.0,0.0,0.0,,0.0,0.0,0.0
2020-01-31T00:00:00,159.0,0.0,0.0,160.0,151.0,153.0,-6.0,2318400.0,361051600.0,321.0,250.0,153.0,73300.0,152.0,100000.0,21129857328.0,21129857328.0,21129857328.0,0.0,0.0,,0.0,0.0,0.0
2020-02-03T00:00:00,153.0,0.0,0.0,153.0,147.0,148.0,-5.0,2780300.0,416011100.0,369.0,241.8,149.0,41800.0,148.0,407500.0,21129857328.0,21129857328.0,21129857328.0,0.0,0.0,,0.0,0.0,0.0
2020-02-04T00:00:00,148.0,0.0,0.0,152.0,146.0,147.0,-1.0,1598200.0,236408200.0,387.0,240.2,148.0,5000.0,146.0,155600.0,21129857328.0,21129857328.0,21129857328.0,0.0,0.0,,0.0,0.0,0.0
2020-02-05T00:00:00,147.0,0.0,0.0,152.0,141.0,150.0,3.0,3878400.0,572891400.0,657.0,245.1,150.0,232900.0,149.0,45300.0,21129857328.0,21129857328.0,21129857328.0,0.0,0.0,,223234.0,33261866.0,1.0
2020-02-06T00:00:00,150.0,0.0,0.0,155.0,151.0,153.0,3.0,2421300.0,371569500.0,350.0,250.0,154.0,4500.0,153.0,451000.0,21129857328.0,21129857328.0,21129857328.0,0.0,0.0,,10.0,1500.0,1.0
2020-02-07T00:00:00,153.0,0.0,0.0,157.0,152.0,153.0,0.0,2128500.0,328107100.0,391.0,250.0,154.0,148100.0,153.0,7800.0,21129857328.0,21129857328.0,21129857328.0,0.0,0.0,,0.0,0.0,0.0
2020-02-10T00:00:00,153.0,0.0,0.0,153.0,148.0,149.0,-4.0,1476600.0,221585300.0,306.0,243.4,150.0,89600.0,149.0,327500.0,21129857328.0,21129857328.0,21129857328.0,0.0,0.0,,0.0,0.0,0.0
2020-02-11T00:00:00,149.0,0.0,0.0,152.0,148.0,149.0,0.0,725200.0,107987500.0,259.0,243.4,149.0,99900.0,148.0,26000.0,21129857328.0,21129857328.0,21129857328.0,0.0,0.0,,0.0,0.0,0.0
2020-02-12T00:00:00,149.0,0.0,0.0,150.0,146.0,146.0,-3.0,796300.0,117311200.0,289.0,238.5,148.0,8200.0,146.0,221700.0,21129857328.0,21129857328.0,21129857328.0,0.0,0.0,,0.0,0.0,0.0
2020-02-13T00:00:00,146.0,0.0,0.0,148.0,142.0,142.0,-4.0,2042000.0,294964700.0,343.0,232.0,144.0,2500.0,142.0,181600.0,21129857328.0,21129857328.0,21129857328.0,0.0,0.0,,0.0,0.0,0.0
2020-02-14T00:00:00,142.0,0.0,0.0,144.0,141.0,142.0,0.0,1416800.0,201345200.0,158.0,232.0,143.0,755000.0,142.0,89500.0,21129857328.0,21129857328.0,21129857328.0,0.0,350000.0,,0.0,0.0,0.0
2020-02-17T00:00:00,142.0,0.0,0.0,147.0,142.0,144.0,2.0,1373200.0,198431300.0,327.0,235.3,144.0,284900.0,143.0,179000.0,21129857328.0,21129857328.0,21129857328.0,0.0,0.0,,0.0,0.0,0.0
2020-02-18T00:00:00,144.0,0.0,0.0,147.0,142.0,144.0,0.0,1651600.0,240257700.0,510.0,235.3,145.0,100000.0,144.0,54400.0,21129857328.0,21129857328.0,21129857328.0,0.0,0.0,,0.0,0.0,0.0
2020-02-19T00:00:00,144.0,0.0,0.0,147.0,144.0,145.0,1.0,1866300.0,270341000.0,281.0,236.9,145.0,200.0,144.0,11200.0,21129857328.0,21129857328.0,21129857328.0,0.0,0.0,,0.0,0.0,0.0
2020-02-20T00:00:00,145.0,0.0,0.0,154.0,146.0,151.0,6.0,5338500.0,806258500.0,860.0,246.7,152.0,64900.0,151.0,412000.0,21129857328.0,21129857328.0,21129857328.0,0.0,0.0,,0.0,0.0,0.0
2020-02-21T00:00:00,151.0,0.0,0.0,154.0,148.0,148.0,-3.0,2008000.0,302134200.0,346.0,241.8,149.0,13600.0,148.0,198700.0,21129857328.0,21129857328.0,21129857328.0,0.0,0.0,,0.0,0.0,0.0
2020-02-24T00:00:00,148.0,0.0,0.0,150.0,143.0,144.0,-4.0,2949400.0,430552000.0,471.0,235.3,144.0,23000.0,143.0,94500.0,21129857328.0,21129857328.0,21129857328.0,0.0,335000.0,,0.0,0.0,0.0
2020-02-25T00:00:00,144.0,0.0,0.0,145.0,142.0,143.0,-1.0,992400.0,142063900.0,225.0,233.6,144.0,63200.0,143.0,78600.0,21129857328.0,21129857328.0,21129857328.0,0.0,0.0,,0.0,0.0,0.0
2020-02-26T00:00:00,143.0,0.0,0.0,144.0,130.0,130.0,-13.0,3328400.0,451139800.0,717.0,212.4,133.0,111800.0,130.0,300600.0,21129857328.0,21129857328.0,21129857328.0,0.0,0.0,,0.0,0.0,0.0
2020-02-27T00:00:00,130.0,0.0,0.0,133.0,120.0,123.0,-7.0,3257800.0,404762400.0,613.0,201.0,124.0,28200.0,123.0,31500.0,21129857328.0,21129857328.0,21129857328.0,1000.0,0.0,,2000.0,286000.0,1.0
2020-02-28T00:00:00,123.0,0.0,0.0,121.0,108.0,111.0,-12.0,3326600.0,368020700.0,409.0,181.3,112.0,54700.0,111.0,382500.0,21129857328.0,21129857328.0,21129857328.0,0.0,0.0,,0.0,0.0,0.0
2020-03-02T00:00:00,111.0,0.0,0.0,116.0,106.0,109.0,-2.0,2936600.0,323803300.0,421.0,178.1,110.0,28600.0,108.0,48600.0,21129857328.0,21129857328.0,21129857328.0,0.0,0.0,,0.0,0.0,0.0
2020-03-03T00:00:00,109.0,0.0,0.0,116.0,109.0,116.0,7.0,2115100.0,241122200.0,349.0,189.5,117.0,102400.0,116.0,19300.0,21129857328.0,21129857328.0,21129857328.0,0.0,0.0,,0.0,0.0,0.0
2020-03-04T00:00:00,116.0,0.0,0.0,130.0,115.0,128.0,12.0,5028100.0,621121800.0,628.0,209.1,128.0,251600.0,127.0,100.0,21129857328.0,21129857328.0,21129857328.0,0.0,0.0,,0.0,0.0,0.0
2020-03-05T00:00:00,128.0,0.0,0.0,171.0,122.0,160.0,32.0,66185700.0,10540776200.0,6462.0,261.4,161.0,280900.0,160.0,202000.0,21129857328.0,21129857328.0,21129857328.0,10200.0,66000.0,,0.0,0.0,0.0
2020-03-06T00:00:00,160.0,0.0,0.0,161.0,144.0,146.0,-14.0,11649200.0,1739381100.0,1611.0,238.5,147.0,40900.0,146.0,37100.0,21129857328.0,21129857328.0,21129857328.0,3200.0,0.0,,0.0,0.0,0.0
2020-03-09T00:00:00,146.0,0.0,0.0,145.0,124.0,125.0,-21.0,6500900.0,842939500.0,1178.0,204.2,125.0,104100.0,124.0,61400.0,21129857328.0,21129857328.0,21129857328.0,149400.0,0.0,,0.0,0.0,0.0
2020-03-10T00:00:00,125.0,0.0,0.0,147.0,123.0,135.0,10.0,20351900.0,2776975300.0,2202.0,220.6,136.0,1400.0,135.0,214000.0,21129857328.0,21129857328.0,21129857328.0,0.0,0.0,,0.0,0.0,0.0
2020-03-11T00:00:00,135.0,0.0,0.0,144.0,125.0,128.0,-7.0,10810100.0,1453967700.0,1177.0,209.1,128.0,37000.0,127.0,140700.0,21129857328.0,21129857328.0,21129857328.0,0.0,0.0,,0.0,0.0,0.0
2020-03-12T00:00:00,128.0,0.0,0.0,126.0,117.0,117.0,-11.0,5924600.0,705814200.0,632.0,191.2,117.0,330600.0,116.0,1082100.0,21129857328.0,21129857328.0,21129857328.0,0.0,0.0,,0.0,0.0,0.0
2020-03-13T00:00:00,117.0,0.0,0.0,118.0,109.0,113.0,-4.0,6781800.0,761427600.0,521.0,184.6,114.0,1200.0,113.0,96500.0,21129857328.0,21129857328.0,21129857328.0,0.0,0.0,,0.0,0.0,0.0
2020-03-16T00:00:00,113.0,0.0,0.0,120.0,106.0,106.0,-7.0,4191700.0,453864200.0,615.0,173.2,107.0,34100.0,106.0,82400.0,21129857328.0,21129857328.0,21129857328.0,0.0,0.0,,0.0,0.0,0.0
2020-03-17T00:00:00,106.0,0.0,0.0,107.0,99.0,99.0,-7.0,4322500.0,431869300.0,382.0,161.7,99.0,428600.0,0.0,0.0,21129857328.0,21129857328.0,21129857328.0,0.0,0.0,,0.0,0.0,0.0
2020-03-18T00:00:00,99.0,0.0,0.0,105.0,93.0,93.0,-6.0,5800100.0,551177700.0,654.0,151.9,93.0,98400.0,0.0,0.0,21129857328.0,21129857328.0,21129857328.0,0.0,0.0,,0.0,0.0,0.0
2020-03-19T00:00:00,93.0,0.0,0.0,90.0,87.0,87.0,-6.0,2198500.0,191705900.0,214.0,142.1,87.0,1441200.0,0.0,0.0,21129857328.0,21129857328.0,21129857328.0,0.0,0.0,,0.0,0.0,0.0
2020-03-20T00:00:00,87.0,0.0,0.0,93.0,81.0,88.0,1.0,6517300.0,562279400.0,3431.0,143.8,88.0,223300.0,87.0,36900.0,21129857328.0,21129857328.0,21129857328.0,0.0,0.0,,0.0,0.0,0.0
2020-03-23T00:00:00,88.0,0.0,0.0,88.0,82.0,83.0,-5.0,3719900.0,311221900.0,1189.0,135.6,83.0,98400.0,82.0,1104000.0,21129857328.0,21129857328.0,21129857328.0,0.0,0.0,,0.0,0.0,0.0
2020-03-24T00:00:00,83.0,0.0,0.0,89.0,78.0,84.0,1.0,3957500.0,336398400.0,570.0,137.2,85.0,33400.0,84.0,85900.0,21129857328.0,21129857328.0,21129857328.0,0.0,0.0,,0.0,0.0,0.0
2020-03-26T00:00:00,84.0,0.0,0.0,100.0,79.0,94.0,10.0,10168000.0,958472300.0,1208.0,153.6,94.0,547100.0,93.0,10000.0,21129857328.0,21129857328.0,21129857328.0,0.0,0.0,,0.0,0.0,0.0
2020-03-27T00:00:00,94.0,0.0,0.0,110.0,89.0,99.0,5.0,19723600.0,2031971800.0,1756.0,161.7,99.0,111200.0,98.0,93700.0,21129857328.0,21129857328.0,21129857328.0,0.0,0.0,,0.0,0.0,0.0
2020-03-30T00:00:00,99.0,0.0,0.0,99.0,93.0,95.0,-4.0,5368100.0,508935600.0,446.0,155.2,95.0,18100.0,94.0,203400.0,21129857328.0,21129857328.0,21129857328.0,0.0,0.0,,0.0,0.0,0.0
2020-03-31T00:00:00,95.0,0.0,0.0,100.0,89.0,98.0,3.0,1749200.0,171316000.0,245.0,160.1,99.0,269600.0,98.0,2600.0,21129857328.0,21129857328.0,21129857328.0,0.0,0.0,,0.0,0.0,0.0
2020-04-01T00:00:00,98.0,0.0,0.0,102.0,92.0,96.0,-2.0,1652200.0,163100300.0,320.0,156.8,96.0,77200.0,95.0,299300.0,21129857328.0,21129857328.0,21129857328.0,0.0,0.0,,0.0,0.0,0.0
2020-04-02T00:00:00,96.0,0.0,0.0,100.0,92.0,98.0,2.0,2809500.0,274076700.0,341.0,160.1,99.0,12400.0,98.0,93000.0,21129857328.0,21129857328.0,21129857328.0,0.0,0.0,,0.0,0.0,0.0
2020-04-03T00:00:00,98.0,0.0,0.0,102.0,92.0,98.0,0.0,3961200.0,393613500.0,482.0,160.1,99.0,600.0,98.0,726400.0,21129857328.0,21129857328.0,21129857328.0,0.0,0.0,,0.0,0.0,0.0
2020-04-06T00:00:00,98.0,0.0,0.0,109.0,92.0,105.0,7.0,10883900.0,1141037700.0,1815.0,171.5,106.0,558100.0,105.0,36300.0,21129857328.0,21129857328.0,21129857328.0,0.0,0.0,,0.0,0.0,0.0
2020-04-07T00:00:00,105.0,0.0,0.0,113.0,98.0,105.0,0.0,9103400.0,984502200.0,781.0,171.5,106.0,88100.0,105.0,1300.0,21129857328.0,21129857328.0,21129857328.0,52600.0,0.0,,0.0,0.0,0.0
2020-04-08T00:00:00,105.0,0.0,0.0,108.0,98.0,98.0,-7.0,6342800.0,629365100.0,654.0,160.1,98.0,222400.0,0.0,0.0,21129857328.0,21129857328.0,21129857328.0,0.0,0.0,,0.0,0.0,0.0
2020-04-09T00:00:00,98.0,0.0,0.0,101.0,92.0,99.0,1.0,2283100.0,225666200.0,338.0,161.7,100.0,40000.0,99.0,11700.0,21129857328.0,21129857328.0,21129857328.0,0.0,0.0,,0.0,0.0,0.0
2020-04-13T00:00:00,99.0,0.0,0.0,102.0,93.0,100.0,1.0,3095700.0,311174300.0,204.0,163.4,101.0,14500.0,100.0,210200.0,21129857328.0,21129857328.0,21129857328.0,0.0,0.0,,0.0,0.0,0.0
2020-04-14T00:00:00,100.0,0.0,0.0,103.0,100.0,102.0,2.0,4136700.0,419526400.0,403.0,166.6,103.0,528700.0,102.0,5800.0,21129857328.0,21129857328.0,21129857328.0,0.0,0.0,,0.0,0.0,0.0
2020-04-15T00:00:00,102.0,0.0,0.0,105.0,99.0,99.0,-3.0,3813400.0,383353900.0,506.0,161.7,100.0,606400.0,99.0,908900.0,21129857328.0,21129857328.0,21129857328.0,0.0,0.0,,0.0,0.0,0.0
2020-04-16T00:00:00,99.0,0.0,0.0,101.0,93.0,97.0,-2.0,4461200.0,437034300.0,613.0,158.5,98.0,44200.0,97.0,52700.0,21129857328.0,21129857328.0,21129857328.0,0.0,0.0,,0.0,0.0,0.0
2020-04-17T00:00:00,97.0,0.0,0.0,110.0,97.0,103.0,6.0,15520900.0,1626044800.0,1574.0,168.3,104.0,185500.0,103.0,1828800.0,21129857328.0,21129857328.0,21129857328.0,0.0,0.0,,0.0,0.0,0.0
2020-04-20T00:00:00,103.0,0.0,0.0,111.0,102.0,102.0,-1.0,12885900.0,1360680600.0,1663.0,166.6,102.0,988500.0,101.0,253800.0,21129857328.0,21129857328.0,21129857328.0,0.0,0.0,,0.0,0.0,0.0
2020-04-21T00:00:00,102.0,0.0,0.0,104.0,95.0,99.0,-3.0,2705500.0,268868400.0,309.0,161.7,100.0,412100.0,99.0,7900.0,21129857328.0,21129857328.0,21129857328.0,0.0,0.0,,0.0,0.0,0.0
2020-04-22T00:00:00,99.0,0.0,0.0,100.0,93.0,99.0,0.0,3700200.0,363852700.0,339.0,161.7,100.0,124300.0,99.0,19000.0,21129857328.0,21129857328.0,21129857328.0,0.0,0.0,,0.0,0.0,0.0
2020-04-23T00:00:00,99.0,0.0,0.0,101.0,98.0,99.0,0.0,2311100.0,228914400.0,279.0,161.7,99.0,1173800.0,98.0,228200.0,21129857328.0,21129857328.0,21129857328.0,0.0,0.0,,0.0,0.0,0.0
2020-04-24T00:00:00,99.0,0.0,0.0,100.0,97.0,97.0,-2.0,3619000.0,353400100.0,315.0,158.5,97.0,228500.0,96.0,1281400.0,21129857328.0,21129857328.0,21129857328.0,0.0,370000.0,,0.0,0.0,0.0
2020-04-27T00:00:00,97.0,0.0,0.0,100.0,92.0,98.0,1.0,1779900.0,175232400.0,156.0,160.1,98.0,332500.0,97.0,406100.0,21129857328.0,21129857328.0,21129857328.0,0.0,0.0,,0.0,0.0,0.0
2020-04-28T00:00:00,98.0,0.0,0.0,100.0,97.0,97.0,-1.0,1774100.0,173379900.0,177.0,158.5,97.0,914500.0,96.0,203300.0,21129857328.0,21129857328.0,21129857328.0,0.0,0.0,,0.0,0.0,0.0
2020-04-29T00:00:00,97.0,0.0,0.0,99.0,96.0,97.0,0.0,939600.0,91995200.0,117.0,158.5,98.0,54400.0,97.0,1756200.0,21129857328.0,21129857328.0,21129857328.0,0.0,0.0,,0.0,0.0,0.0
2020-04-30T00:00:00,97.0,0.0,0.0,100.0,97.0,99.0,2.0,2236500.0,221780300.0,226.0,161.7,100.0,6864800.0,99.0,57900.0,21129857328.0,21129857328.0,21129857328.0,0.0,0.0,,0.0,0.0,0.0
2020-05-04T00:00:00,99.0,0.0,0.0,104.0,97.0,100.0,1.0,6544900.0,660366300.0,516.0,163.4,100.0,1610700.0,99.0,675500.0,21129857328.0,21129857328.0,21129857328.0,0.0,0.0,,0.0,0.0,0.0
2020-05-05T00:00:00,100.0,0.0,0.0,134.0,96.0,130.0,30.0,215916500.0,26538185500.0,10641.0,212.4,131.0,945000.0,130.0,6648400.0,21129857328.0,21129857328.0,21129857328.0,1706000.0,1706000.0,,0.0,0.0,0.0
2020-05-06T00:00:00,130.0,0.0,0.0,144.0,121.0,121.0,-9.0,124232400.0,16677933600.0,7815.0,197.7,121.0,1580400.0,0.0,0.0,21129857328.0,21129857328.0,21129857328.0,1574300.0,2490200.0,,1000000.0,126000000.0,2.0
2020-05-08T00:00:00,121.0,0.0,0.0,125.0,113.0,116.0,-5.0,19734300.0,2316894500.0,4595.0,189.5,117.0,64500.0,116.0,325800.0,21129857328.0,21129857328.0,21129857328.0,313400.0,320000.0,,0.0,0.0,0.0
2020-05-11T00:00:00,116.0,0.0,0.0,120.0,113.0,114.0,-2.0,7841800.0,915182000.0,1238.0,186.3,115.0,500.0,114.0,594300.0,21129857328.0,21129857328.0,21129857328.0,140000.0,0.0,,0.0,0.0,0.0
2020-05-12T00:00:00,114.0,0.0,0.0,116.0,108.0,111.0,-3.0,5951200.0,659910600.0,746.0,181.3,112.0,745800.0,111.0,1159400.0,21129857328.0,21129857328.0,21129857328.0,25000.0,25000.0,,0.0,0.0,0.0
2020-05-13T00:00:00,111.0,0.0,0.0,126.0,107.0,123.0,12.0,53115400.0,6356577800.0,4708.0,201.0,124.0,113600.0,123.0,2100000.0,21129857328.0,21129857328.0,21129857328.0,932500.0,501100.0,,0.0,0.0,0.0
2020-05-14T00:00:00,123.0,0.0,0.0,125.0,115.0,115.0,-8.0,22176900.0,2658397700.0,2255.0,187.9,116.0,228200.0,115.0,1099200.0,21129857328.0,21129857328.0,21129857328.0,0.0,300000.0,,0.0,0.0,0.0
2020-05-15T00:00:00,115.0,0.0,0.0,118.0,111.0,114.0,-1.0,8494000.0,979103500.0,842.0,186.3,115.0,66900.0,114.0,841200.0,21129857328.0,21129857328.0,21129857328.0,0.0,0.0,,0.0,0.0,0.0
2020-05-18T00:00:00,114.0,0.0,0.0,123.0,112.0,118.0,4.0,24964600.0,2965983200.0,1779.0,192.8,119.0,80800.0,118.0,559300.0,21129857328.0,21129857328.0,21129857328.0,250000.0,151600.0,,0.0,0.0,0.0
2020-05-19T00:00:00,118.0,0.0,0.0,133.0,119.0,121.0,3.0,87438600.0,10989538800.0,5661.0,197.7,121.0,177100.0,120.0,1265600.0,21129857328.0,21129857328.0,21129857328.0,1082700.0,880000.0,,0.0,0.0,0.0
2020-05-20T00:00:00,121.0,0.0,0.0,124.0,116.0,118.0,-3.0,29057800.0,3493605600.0,2300.0,192.8,119.0,207100.0,118.0,437100.0,21129857328.0,21129857328.0,21129857328.0,0.0,0.0,,0.0,0.0,0.0
2020-05-26T00:00:00,118.0,0.0,0.0,120.0,117.0,119.0,1.0,5572400.0,662384800.0,590.0,194.4,120.0,285300.0,119.0,891200.0,21129857328.0,21129857328.0,21129857328.0,30000.0,30000.0,,0.0,0.0,0.0
2020-05-27T00:00:00,119.0,0.0,0.0,125.0,118.0,122.0,3.0,10301300.0,1262483700.0,936.0,199.3,123.0,322700.0,122.0,116700.0,21129857328.0,21129857328.0,21129857328.0,0.0,0.0,,0.0,0.0,0.0
2020-05-28T00:00:00,122.0,0.0,0.0,125.0,118.0,119.0,-3.0,7592900.0,922818000.0,916.0,194.4,119.0,133100.0,118.0,717800.0,21129857328.0,21129857328.0,21129857328.0,0.0,0.0,,0.0,0.0,0.0
2020-05-29T00:00:00,119.0,0.0,0.0,121.0,117.0,120.0,1.0,7675300.0,915221200.0,582.0,196.1,120.0,669900.0,119.0,472800.0,21129857328.0,21129857328.0,21129857328.0,0.0,374600.0,,0.0,0.0,0.0
2020-06-02T00:00:00,120.0,0.0,0.0,127.0,120.0,125.0,5.0,19846600.0,2470010200.0,1259.0,204.2,125.0,639900.0,124.0,295600.0,21129857328.0,21129857328.0,21129857328.0,0.0,396800.0,,0.0,0.0,0.0
2020-06-03T00:00:00,125.0,0.0,0.0,129.0,122.0,124.0,-1.0,11757600.0,1473818600.0,888.0,202.6,124.0,1600.0,123.0,1006000.0,21129857328.0,21129857328.0,21129857328.0,20000.0,0.0,,0.0,0.0,0.0
2020-06-04T00:00:00,124.0,0.0,0.0,131.0,124.0,128.0,4.0,11784800.0,1501861200.0,717.0,209.1,129.0,207700.0,128.0,177800.0,21129857328.0,21129857328.0,21129857328.0,0.0,6193500.0,,0.0,0.0,0.0
2020-06-05T00:00:00,128.0,0.0,0.0,132.0,126.0,132.0,4.0,10871900.0,1413506500.0,616.0,215.7,133.0,626200.0,132.0,85100.0,21129857328.0,21129857328.0,21129857328.0,150000.0,0.0,,0.0,0.0,0.0
2020-06-08T00:00:00,132.0,0.0,0.0,142.0,132.0,136.0,4.0,22517800.0,3089983000.0,1384.0,222.2,137.0,287300.0,136.0,815700.0,21129857328.0,21129857328.0,21129857328.0,200000.0,50000.0,,0.0,0.0,0.0
2020-06-09T00:00:00,136.0,0.0,0.0,143.0,133.0,135.0,-1.0,19795500.0,2734142100.0,1186.0,220.6,135.0,741800.0,134.0,251900.0,21129857328.0,21129857328.0,21129857328.0,0.0,0.0,,0.0,0.0,0.0
2020-06-10T00:00:00,135.0,0.0,0.0,139.0,126.0,128.0,-7.0,16915100.0,2218402400.0,873.0,209.1,129.0,135000.0,128.0,24000.0,21129857328.0,21129857328.0,21129857328.0,51900.0,0.0,,0.0,0.0,0.0
2020-06-11T00:00:00,128.0,0.0,0.0,130.0,123.0,125.0,-3.0,7215700.0,913299100.0,400.0,204.2,125.0,7800.0,124.0,193500.0,21129857328.0,21129857328.0,21129857328.0,0.0,0.0,,0.0,0.0,0.0
2020-06-12T00:00:00,125.0,0.0,0.0,128.0,117.0,121.0,-4.0,32687600.0,3950080400.0,1195.0,197.7,122.0,144300.0,121.0,2746100.0,21129857328.0,21129857328.0,21129857328.0,0.0,0.0,,0.0,0.0,0.0
2020-06-15T00:00:00,121.0,0.0,0.0,124.0,117.0,117.0,-4.0,11700800.0,1398581500.0,796.0,191.2,118.0,55100.0,117.0,84400.0,21129857328.0,21129857328.0,21129857328.0,0.0,0.0,,9000.0,3888000.0,1.0
2020-06-16T00:00:00,117.0,0.0,0.0,132.0,119.0,126.0,9.0,50945200.0,6473784400.0,2953.0,205.9,127.0,246100.0,126.0,756500.0,21129857328.0,21129857328.0,21129857328.0,322700.0,15000.0,,0.0,0.0,0.0
2020-06-17T00:00:00,126.0,0.0,0.0,131.0,124.0,125.0,-1.0,8997800.0,1130601400.0,734.0,204.2,126.0,23300.0,125.0,82600.0,21129857328.0,21129857328.0,21129857328.0,0.0,0.0,,0.0,0.0,0.0
2020-06-18T00:00:00,125.0,0.0,0.0,137.0,123.0,129.0,4.0,41271300.0,5384925400.0,3449.0,210.8,129.0,252600.0,128.0,397200.0,21129857328.0,21129857328.0,21129857328.0,0.0,0.0,,0.0,0.0,0.0
2020-06-19T00:00:00,129.0,0.0,0.0,132.0,125.0,127.0,-2.0,8994500.0,1148030200.0,921.0,207.5,127.0,82900.0,126.0,294500.0,21129857328.0,21129857328.0,21129857328.0,0.0,100000.0,,0.0,0.0,0.0
2020-06-22T00:00:00,127.0,0.0,0.0,129.0,124.0,125.0,-2.0,9552000.0,1198835400.0,587.0,204.2,125.0,531200.0,124.0,932700.0,21129857328.0,21129857328.0,21129857328.0,0.0,0.0,,0.0,0.0,0.0
2020-06-23T00:00:00,125.0,0.0,0.0,127.0,122.0,123.0,-2.0,5275900.0,652318600.0,413.0,201.0,124.0,21100.0,123.0,203000.0,21129857328.0,21129857328.0,21129857328.0,0.0,0.0,,0.0,0.0,0.0
2020-06-24T00:00:00,123.0,0.0,0.0,129.0,120.0,125.0,2.0,8807600.0,1107749900.0,891.0,204.2,126.0,882800.0,125.0,84400.0,21129857328.0,21129857328.0,21129857328.0,0.0,0.0,,0.0,0.0,0.0
2020-06-25T00:00:00,125.0,0.0,0.0,125.0,121.0,123.0,-2.0,5534300.0,682968600.0,516.0,201.0,124.0,109000.0,123.0,253300.0,21129857328.0,21129857328.0,21129857328.0,0.0,0.0,,0.0,0.0,0.0
2020-06-26T00:00:00,123.0,0.0,0.0,126.0,122.0,123.0,0.0,8477500.0,1047175800.0,673.0,201.0,123.0,402700.0,122.0,1191600.0,21129857328.0,21129857328.0,21129857328.0,21500.0,21500.0,,0.0,0.0,0.0
2020-06-29T00:00:00,123.0,0.0,0.0,126.0,123.0,123.0,0.0,5337900.0,660747500.0,443.0,201.0,124.0,164300.0,123.0,276800.0,21129857328.0,21129857328.0,21129857328.0,0.0,0.0,,0.0,0.0,0.0
2020-06-30T00:00:00,123.0,0.0,0.0,125.0,122.0,122.0,-1.0,3854700.0,475028900.0,602.0,199.3,123.0,1106300.0,122.0,1233700.0,21129857328.0,21129857328.0,21129857328.0,0.0,0.0,,50000.0,6250000.0,1.0
2020-07-01T00:00:00,122.0,0.0,0.0,124.0,121.0,123.0,1.0,2556000.0,312437600.0,214.0,201.0,123.0,777700.0,122.0,1063100.0,21129857328.0,21129857328.0,21129857328.0,0.0,0.0,,0.0,0.0,0.0
2020-07-02T00:00:00,123.0,0.0,0.0,125.0,123.0,123.0,0.0,3779400.0,466905500.0,288.0,201.0,124.0,1432400.0,123.0,490500.0,21129857328.0,21129857328.0,21129857328.0,0.0,0.0,,0.0,0.0,0.0
2020-07-03T00:00:00,123.0,0.0,0.0,129.0,121.0,125.0,2.0,20239500.0,2545269400.0,1307.0,204.2,126.0,401800.0,125.0,1221700.0,21129857328.0,21129857328.0,21129857328.0,0.0,0.0,,0.0,0.0,0.0
2020-07-06T00:00:00,125.0,0.0,0.0,153.0,125.0,151.0,26.0,190823700.0,27075826500.0,8036.0,246.7,152.0,562500.0,151.0,13951600.0,21129857328.0,21129857328.0,21129857328.0,475000.0,225000.0,,0.0,0.0,0.0
2020-07-07T00:00:00,151.0,0.0,0.0,167.0,144.0,151.0,0.0,247830800.0,38893234000.0,11255.0,246.7,151.0,3390900.0,150.0,504400.0,21129857328.0,21129857328.0,21129857328.0,100000.0,0.0,,0.0,0.0,0.0
2020-07-08T00:00:00,151.0,0.0,0.0,158.0,145.0,146.0,-5.0,47263700.0,7154273900.0,2436.0,238.5,147.0,429100.0,146.0,542900.0,21129857328.0,21129857328.0,21129857328.0,196800.0,14300.0,,0.0,0.0,0.0
2020-07-09T00:00:00,146.0,0.0,0.0,150.0,141.0,143.0,-3.0,35523400.0,5172963600.0,1413.0,233.6,144.0,1377600.0,143.0,5826400.0,21129857328.0,21129857328.0,21129857328.0,0.0,0.0,,0.0,0.0,0.0
2020-07-10T00:00:00,143.0,0.0,0.0,159.0,140.0,150.0,7.0,154114800.0,23567804500.0,5475.0,245.1,151.0,3600.0,150.0,291800.0,21129857328.0,21129857328.0,21129857328.0,56000.0,63000.0,,0.0,0.0,0.0
2020-07-13T00:00:00,150.0,0.0,0.0,156.0,150.0,154.0,4.0,33698800.0,5162040700.0,1646.0,251.6,155.0,1031800.0,154.0,26100.0,21129857328.0,21129857328.0,21129857328.0,40500.0,151500.0,,81.0,9720.0,1.0
2020-07-14T00:00:00,154.0,0.0,0.0,206.0,152.0,206.0,52.0,285128200.0,54380156600.0,8128.0,336.6,0.0,0.0,206.0,58782600.0,21129857328.0,21129857328.0,21129857328.0,191500.0,737000.0,,0.0,0.0,0.0
2020-07-15T00:00:00,206.0,0.0,0.0,248.0,214.0,224.0,18.0,292992500.0,67864178800.0,12826.0,366.0,226.0,2341700.0,224.0,1362900.0,21129857328.0,21129857328.0,21129857328.0,1763500.0,2285700.0,,0.0,0.0,0.0
2020-07-16T00:00:00,224.0,0.0,0.0,234.0,216.0,222.0,-2.0,57949200.0,13045550200.0,3164.0,362.7,222.0,2335600.0,220.0,1464100.0,21129857328.0,21129857328.0,21129857328.0,505300.0,455300.0,,0.0,0.0,0.0
2020-07-17T00:00:00,222.0,0.0,0.0,238.0,218.0,228.0,6.0,116634100.0,26773632400.0,4029.0,372.5,230.0,4046100.0,228.0,8733100.0,21129857328.0,21129857328.0,21129857328.0,648000.0,2657000.0,,0.0,0.0,0.0
2020-07-20T00:00:00,228.0,0.0,0.0,232.0,218.0,220.0,-8.0,39145200.0,8744103200.0,2219.0,359.4,222.0,643100.0,220.0,7400.0,21129857328.0,21129857328.0,21129857328.0,338400.0,1218500.0,,0.0,0.0,0.0
2020-07-21T00:00:00,220.0,0.0,0.0,228.0,218.0,222.0,2.0,21424600.0,4753134600.0,1413.0,362.7,222.0,7600.0,220.0,2171700.0,21129857328.0,21129857328.0,21129857328.0,100000.0,1665700.0,,0.0,0.0,0.0
2020-07-22T00:00:00,222.0,0.0,0.0,226.0,218.0,220.0,-2.0,28025400.0,6234163200.0,1340.0,359.4,222.0,773800.0,220.0,81000.0,21129857328.0,21129857328.0,21129857328.0,9300.0,1194800.0,,0.0,0.0,0.0
2020-07-23T00:00:00,220.0,0.0,0.0,244.0,222.0,230.0,10.0,132622100.0,31141037400.0,5936.0,375.8,232.0,733200.0,230.0,1386900.0,21129857328.0,21129857328.0,21129857328.0,5080900.0,1373100.0,,0.0,0.0,0.0
2020-07-24T00:00:00,230.0,0.0,0.0,232.0,216.0,220.0,-10.0,38167300.0,8463543800.0,2299.0,359.4,222.0,1217700.0,220.0,872400.0,21129857328.0,21129857328.0,21129857328.0,500000.0,290700.0,,0.0,0.0,0.0
2020-07-27T00:00:00,220.0,0.0,0.0,226.0,218.0,220.0,0.0,16876100.0,3708388200.0,1073.0,359.4,220.0,175400.0,218.0,1734100.0,21129857328.0,21129857328.0,21129857328.0,144700.0,197600.0,,12.0,240.0,1.0
2020-07-28T00:00:00,220.0,0.0,0.0,268.0,218.0,258.0,38.0,278212500.0,67612001400.0,10876.0,421.5,260.0,541200.0,258.0,13077100.0,21129857328.0,21129857328.0,21129857328.0,957500.0,1883200.0,,0.0,0.0,0.0
2020-07-29T00:00:00,258.0,0.0,0.0,264.0,240.0,240.0,-18.0,112999300.0,27829483000.0,7274.0,392.1,240.0,7519500.0,0.0,0.0,21129857328.0,21129857328.0,21129857328.0,949600.0,271900.0,,0.0,0.0,0.0
2020-07-30T00:00:00,240.0,0.0,0.0,248.0,228.0,232.0,-8.0,75788800.0,17994525600.0,4322.0,379.0,232.0,533700.0,230.0,3399200.0,21129857328.0,21129857328.0,21129857328.0,650700.0,408200.0,,0.0,0.0,0.0
2020-08-03T00:00:00,232.0,0.0,0.0,236.0,216.0,216.0,-16.0,41285900.0,9081288200.0,2691.0,352.9,218.0,453900.0,216.0,7012800.0,21129857328.0,21129857328.0,21129857328.0,140800.0,141800.0,,0.0,0.0,0.0
2020-08-04T00:00:00,216.0,0.0,0.0,226.0,206.0,220.0,4.0,33001200.0,7231262000.0,2105.0,359.4,220.0,339500.0,218.0,1515800.0,21129857328.0,21129857328.0,21129857328.0,240100.0,627000.0,,0.0,0.0,0.0
2020-08-05T00:00:00,220.0,0.0,0.0,238.0,218.0,228.0,8.0,52537800.0,11979341800.0,3387.0,372.5,230.0,935500.0,228.0,3026700.0,21129857328.0,21129857328.0,21129857328.0,441000.0,181800.0,,0.0,0.0,0.0
2020-08-06T00:00:00,228.0,0.0,0.0,244.0,230.0,236.0,8.0,44762600.0,10614609400.0,2420.0,385.6,236.0,608600.0,234.0,608700.0,21129857328.0,21129857328.0,21129857328.0,358900.0,133000.0,,0.0,0.0,0.0
2020-08-07T00:00:00,236.0,0.0,0.0,240.0,230.0,234.0,-2.0,20687600.0,4850044800.0,1543.0,382.3,234.0,505300.0,232.0,1624700.0,21129857328.0,21129857328.0,21129857328.0,50000.0,7000.0,,0.0,0.0,0.0
2020-08-10T00:00:00,234.0,0.0,0.0,244.0,234.0,238.0,4.0,63839400.0,15301673000.0,2861.0,388.8,240.0,551600.0,238.0,1764700.0,21129857328.0,21129857328.0,21129857328.0,736800.0,552500.0,,0.0,0.0,0.0
2020-08-11T00:00:00,238.0,0.0,0.0,252.0,238.0,242.0,4.0,62935100.0,15472080400.0,3446.0,395.4,244.0,540000.0,242.0,215400.0,21129857328.0,21129857328.0,21129857328.0,525200.0,549400.0,,0.0,0.0,0.0
2020-08-12T00:00:00,242.0,0.0,0.0,298.0,238.0,274.0,32.0,609041300.0,170180152400.0,24430.0,447.7,276.0,838600.0,274.0,33356700.0,21129857328.0,21129857328.0,21129857328.0,9047900.0,7026700.0,,0.0,0.0,0.0
2020-08-13T00:00:00,274.0,0.0,0.0,282.0,264.0,268.0,-6.0,124651400.0,34031562200.0,7415.0,437.9,268.0,3287000.0,266.0,1153600.0,21129857328.0,21129857328.0,21129857328.0,3800300.0,405000.0,,0.0,0.0,0.0
2020-08-14T00:00:00,268.0,0.0,0.0,286.0,268.0,280.0,12.0,76345900.0,21215513000.0,4054.0,457.5,280.0,10758900.0,278.0,973100.0,21129857328.0,21129857328.0,21129857328.0,254000.0,445700.0,,0.0,0.0,0.0
2020-08-18T00:00:00,280.0,0.0,0.0,322.0,280.0,300.0,20.0,355562900.0,108323275800.0,16392.0,490.1,302.0,1475600.0,300.0,4355800.0,21129857328.0,21129857328.0,21129857328.0,5243400.0,4648900.0,,0.0,0.0,0.0
2020-08-19T00:00:00,300.0,0.0,0.0,314.0,300.0,310.0,10.0,150437100.0,46382416400.0,6661.0,506.5,310.0,2579700.0,308.0,5150700.0,21129857328.0,21129857328.0,21129857328.0,461500.0,100000.0,,33.0,3300.0,1.0
2020-08-24T00:00:00,310.0,0.0,0.0,364.0,304.0,346.0,36.0,584013600.0,195545699400.0,23764.0,565.3,348.0,1039400.0,346.0,3215400.0,21129857328.0,21129857328.0,21129857328.0,3005700.0,3925400.0,,0.0,0.0,0.0
2020-08-25T00:00:00,346.0,0.0,0.0,352.0,332.0,338.0,-8.0,134522800.0,45939822800.0,8170.0,552.2,338.0,1419300.0,336.0,603400.0,21129857328.0,21129857328.0,21129857328.0,1232700.0,267600.0,,0.0,0.0,0.0
2020-08-26T00:00:00,338.0,0.0,0.0,396.0,334.0,380.0,42.0,645010000.0,242620978600.0,29175.0,620.8,380.0,5286800.0,378.0,908100.0,21129857328.0,21129857328.0,21129857328.0,3256500.0,4980400.0,,0.0,0.0,0.0
2020-08-27T00:00:00,380.0,0.0,0.0,414.0,380.0,388.0,8.0,353309700.0,141356664800.0,20854.0,633.9,390.0,2269000.0,388.0,1457300.0,21129857328.0,21129857328.0,21129857328.0,4616700.0,1752700.0,,0.0,0.0,0.0
2020-08-28T00:00:00,388.0,0.0,0.0,400.0,362.0,380.0,-8.0,126379800.0,47922101400.0,8366.0,620.8,382.0,1256900.0,380.0,7661500.0,21129857328.0,21129857328.0,21129857328.0,100000.0,856500.0,,200.0,77600.0,1.0
2020-08-31T00:00:00,380.0,0.0,0.0,392.0,368.0,380.0,0.0,99405500.0,38125861400.0,5874.0,620.8,382.0,377600.0,380.0,8769200.0,21129857328.0,21129857328.0,21129857328.0,1038900.0,13357800.0,,232600.0,72106000.0,1.0
2020-09-01T00:00:00,380.0,0.0,0.0,386.0,368.0,380.0,0.0,50546200.0,19162231400.0,3396.0,620.8,382.0,1048000.0,380.0,98800.0,21129857328.0,21129857328.0,21129857328.0,3248900.0,14500.0,,0.0,0.0,0.0
2020-09-02T00:00:00,380.0,0.0,0.0,388.0,380.0,384.0,4.0,36359500.0,13939063400.0,2274.0,627.4,384.0,1372100.0,382.0,291400.0,21129857328.0,21129857328.0,21129857328.0,211400.0,1863300.0,,0.0,0.0,0.0
2020-09-03T00:00:00,384.0,0.0,0.0,390.0,374.0,378.0,-6.0,24527300.0,9297262600.0,2776.0,617.6,378.0,426900.0,376.0,626500.0,21129857328.0,21129857328.0,21129857328.0,177100.0,0.0,,49700.0,18687200.0,1.0
2020-09-04T00:00:00,378.0,0.0,0.0,376.0,362.0,376.0,-2.0,63315100.0,23447426800.0,3502.0,614.3,378.0,1057500.0,376.0,1621200.0,21129857328.0,21129857328.0,21129857328.0,786400.0,1166300.0,,57.0,21432.0,1.0
2020-09-07T00:00:00,376.0,0.0,0.0,378.0,366.0,368.0,-8.0,29215500.0,10837524600.0,2799.0,601.2,370.0,294900.0,368.0,297400.0,21129857328.0,21129857328.0,21129857328.0,272900.0,1538200.0,,0.0,0.0,0.0
2020-09-08T00:00:00,368.0,0.0,0.0,374.0,350.0,356.0,-12.0,33676400.0,12189373000.0,3193.0,581.6,358.0,75800.0,356.0,449200.0,21129857328.0,21129857328.0,21129857328.0,2097400.0,954300.0,,0.0,0.0,0.0
2020-09-09T00:00:00,356.0,0.0,0.0,356.0,332.0,332.0,-24.0,65853900.0,22367277200.0,4552.0,542.4,336.0,25000.0,332.0,154800.0,21129857328.0,21129857328.0,21129857328.0,2113500.0,5807400.0,,0.0,0.0,0.0
2020-09-10T00:00:00,332.0,0.0,0.0,330.0,310.0,310.0,-22.0,24522100.0,7641271800.0,1803.0,506.5,310.0,33684900.0,0.0,0.0,21129857328.0,21129857328.0,21129857328.0,500.0,1362900.0,,39.0,14352.0,1.0
2020-09-11T00:00:00,310.0,0.0,0.0,320.0,290.0,318.0,8.0,132915100.0,40429945600.0,7331.0,519.5,318.0,2755400.0,316.0,1176500.0,21129857328.0,21129857328.0,21129857328.0,500000.0,13210900.0,,49700.0,18289600.0,1.0
2020-09-14T00:00:00,318.0,0.0,0.0,366.0,320.0,358.0,40.0,109919300.0,38696057600.0,6906.0,584.9,360.0,2993800.0,358.0,128800.0,21129857328.0,21129857328.0,21129857328.0,3422900.0,1974000.0,,0.0,0.0,0.0
2020-09-15T00:00:00,358.0,0.0,0.0,372.0,352.0,356.0,-2.0,83494700.0,30214419400.0,5023.0,581.6,358.0,437500.0,356.0,3721500.0,21129857328.0,21129857328.0,21129857328.0,12804100.0,1003200.0,,0.0,0.0,0.0
2020-09-16T00:00:00,356.0,0.0,0.0,360.0,340.0,344.0,-12.0,37523100.0,13085467400.0,2701.0,562.0,346.0,904700.0,344.0,672100.0,21129857328.0,21129857328.0,21129857328.0,2478500.0,264000.0,,0.0,0.0,0.0
2020-09-17T00:00:00,344.0,0.0,0.0,354.0,328.0,334.0,-10.0,27026700.0,9229647600.0,2386.0,545.7,334.0,3868200.0,332.0,1427800.0,21129857328.0,21129857328.0,21129857328.0,2287700.0,445700.0,,500.0,174000.0,1.0
2020-09-18T00:00:00,334.0,0.0,0.0,354.0,322.0,340.0,6.0,43336800.0,14906287600.0,3098.0,555.5,342.0,651100.0,340.0,5102300.0,21129857328.0,21129857328.0,21129857328.0,230000.0,644900.0,,0.0,0.0,0.0
2020-09-21T00:00:00,340.0,0.0,0.0,348.0,320.0,326.0,-14.0,31715400.0,10559739600.0,2480.0,532.6,326.0,1256200.0,324.0,267300.0,21129857328.0,21129857328.0,21129857328.0,1036300.0,0.0,,0.0,0.0,0.0
2020-09-22T00:00:00,326.0,0.0,0.0,324.0,304.0,304.0,-22.0,43628600.0,13649590200.0,3149.0,496.7,306.0,200200.0,304.0,3013300.0,21129857328.0,21129857328.0,21129857328.0,840400.0,3289600.0,,0.0,0.0,0.0
2020-09-23T00:00:00,304.0,0.0,0.0,322.0,286.0,302.0,-2.0,52351700.0,15799345400.0,3747.0,493.4,304.0,565900.0,302.0,5986300.0,21129857328.0,21129857328.0,21129857328.0,1655700.0,3362900.0,,0.0,0.0,0.0
2020-09-24T00:00:00,302.0,0.0,0.0,302.0,286.0,288.0,-14.0,29216000.0,8490048000.0,1980.0,470.5,288.0,3942500.0,286.0,773500.0,21129857328.0,21129857328.0,21129857328.0,673300.0,2520500.0,,0.0,0.0,0.0
2020-09-25T00:00:00,288.0,0.0,0.0,330.0,288.0,322.0,34.0,115731500.0,36039223600.0,7148.0,526.1,322.0,57100.0,320.0,429100.0,21129857328.0,21129857328.0,21129857328.0,4712200.0,2666200.0,,0.0,0.0,0.0
2020-09-28T00:00:00,322.0,0.0,0.0,334.0,312.0,314.0,-8.0,43114200.0,13821205200.0,3060.0,513.0,316.0,547900.0,314.0,2955500.0,21129857328.0,21129857328.0,21129857328.0,3528500.0,80000.0,,95.0,28500.0,1.0
2020-09-29T00:00:00,314.0,0.0,0.0,330.0,302.0,306.0,-8.0,58605300.0,18656531400.0,4150.0,499.9,308.0,245200.0,306.0,5900400.0,21129857328.0,21129857328.0,21129857328.0,1427300.0,347200.0,,0.0,0.0,0.0
2020-09-30T00:00:00,306.0,0.0,0.0,314.0,298.0,308.0,2.0,32187700.0,9908788600.0,2114.0,503.2,310.0,559600.0,308.0,10482300.0,21129857328.0,21129857328.0,21129857328.0,81500.0,396500.0,,0.0,0.0,0.0
2020-10-01T00:00:00,308.0,0.0,0.0,322.0,310.0,322.0,14.0,58264500.0,18477950200.0,3415.0,526.1,324.0,1888600.0,322.0,13623600.0,21129857328.0,21129857328.0,21129857328.0,625600.0,3600.0,,0.0,0.0,0.0
2020-10-02T00:00:00,322.0,0.0,0.0,326.0,304.0,314.0,-8.0,54971600.0,17378777400.0,2763.0,513.0,316.0,1414600.0,314.0,60500.0,21129857328.0,21129857328.0,21129857328.0,1055600.0,11663800.0,,1093500.0,332424000.0,1.0
2020-10-05T00:00:00,314.0,0.0,0.0,326.0,314.0,326.0,12.0,69758000.0,22434695000.0,3013.0,532.6,328.0,2841400.0,326.0,1523000.0,21129857328.0,21129857328.0,21129857328.0,535000.0,1679300.0,,0.0,0.0,0.0
2020-10-06T00:00:00,326.0,0.0,0.0,344.0,328.0,332.0,6.0,94956000.0,31966419800.0,6219.0,542.4,332.0,2829800.0,330.0,2392300.0,21129857328.0,21129857328.0,21129857328.0,89200.0,2031600.0,,0.0,0.0,0.0
2020-10-07T00:00:00,332.0,0.0,0.0,338.0,326.0,332.0,0.0,30573400.0,10136087800.0,2312.0,542.4,334.0,41900.0,332.0,3244500.0,21129857328.0,21129857328.0,21129857328.0,507200.0,238300.0,,0.0,0.0,0.0
2020-10-08T00:00:00,332.0,0.0,0.0,340.0,330.0,332.0,0.0,31974000.0,10692612200.0,2028.0,542.4,334.0,893100.0,332.0,5497400.0,21129857328.0,21129857328.0,21129857328.0,2974100.0,355500.0,,0.0,0.0,0.0
2020-10-09T00:00:00,332.0,0.0,0.0,338.0,326.0,328.0,-4.0,26087100.0,8644619400.0,1738.0,535.9,330.0,339100.0,328.0,7131900.0,21129857328.0,21129857328.0,21129857328.0,222900.0,274900.0,,0.0,0.0,0.0
2020-10-12T00:00:00,328.0,0.0,0.0,348.0,330.0,344.0,16.0,113910500.0,38889383600.0,5949.0,562.0,344.0,3574100.0,342.0,731000.0,21129857328.0,21129857328.0,21129857328.0,1185000.0,2269000.0,,0.0,0.0,0.0
2020-10-13T00:00:00,344.0,0.0,0.0,430.0,346.0,430.0,86.0,1087492500.0,438880245800.0,52175.0,702.5,0.0,0.0,430.0,126126900.0,21129857328.0,21129857328.0,21129857328.0,18550000.0,10396800.0,,0.0,0.0,0.0
2020-10-14T00:00:00,430.0,0.0,0.0,535.0,444.0,492.0,62.0,1344117900.0,672617892000.0,74386.0,803.8,494.0,1963100.0,492.0,9470000.0,21129857328.0,21129857328.0,21129857328.0,11320500.0,10170200.0,,0.0,0.0,0.0
2020-10-15T00:00:00,492.0,0.0,0.0,505.0,458.0,458.0,-34.0,46103000.0,21676136400.0,4138.0,748.3,458.0,98185700.0,0.0,0.0,21129857328.0,21129857328.0,21129857328.0,740200.0,1834700.0,,0.0,0.0,0.0
2020-10-16T00:00:00,458.0,0.0,0.0,448.0,426.0,446.0,-12.0,398672900.0,171455430600.0,18016.0,728.7,448.0,2313200.0,446.0,21437900.0,21129857328.0,21129857328.0,21129857328.0,2159100.0,3346400.0,,13400.0,6298000.0,1.0
2020-10-19T00:00:00,446.0,0.0,0.0,458.0,416.0,426.0,-20.0,213830500.0,92413098000.0,14993.0,696.0,426.0,7494300.0,424.0,1793600.0,21129857328.0,21129857328.0,21129857328.0,1414100.0,11277400.0,,100000.0,45000000.0,1.0
2020-10-20T00:00:00,426.0,0.0,0.0,440.0,400.0,424.0,-2.0,232776800.0,99538832000.0,18025.0,692.7,424.0,514100.0,422.0,1711100.0,21129857328.0,21129857328.0,21129857328.0,4015200.0,3401800.0,,100.0,42600.0,1.0
2020-10-21T00:00:00,424.0,0.0,0.0,430.0,396.0,396.0,-28.0,174441000.0,71383374600.0,15862.0,647.0,396.0,1807100.0,0.0,0.0,21129857328.0,21129857328.0,21129857328.0,3023500.0,5282500.0,,0.0,0.0,0.0
2020-10-22T00:00:00,396.0,0.0,0.0,390.0,370.0,370.0,-26.0,87128600.0,32468215600.0,7496.0,604.5,370.0,19808200.0,0.0,0.0,21129857328.0,21129857328.0,21129857328.0,308600.0,8684000.0,,0.0,0.0,0.0
2020-10-23T00:00:00,370.0,0.0,0.0,386.0,346.0,350.0,-20.0,278534600.0,100725388200.0,17189.0,571.8,352.0,56400.0,350.0,2693200.0,21129857328.0,21129857328.0,21129857328.0,1891800.0,9406900.0,,0.0,0.0,0.0
2020-10-26T00:00:00,350.0,0.0,0.0,370.0,350.0,358.0,8.0,67331300.0,24195197400.0,4966.0,584.9,360.0,1447000.0,358.0,703000.0,21129857328.0,21129857328.0,21129857328.0,120000.0,1195100.0,,0.0,0.0,0.0
2020-10-27T00:00:00,358.0,0.0,0.0,394.0,358.0,372.0,14.0,289315300.0,109836813000.0,18769.0,607.8,374.0,1111500.0,372.0,2255500.0,21129857328.0,21129857328.0,21129857328.0,9755400.0,3529400.0,,0.0,0.0,0.0
2020-11-02T00:00:00,372.0,0.0,0.0,380.0,364.0,368.0,-4.0,53416900.0,19916091600.0,4550.0,601.2,370.0,1011600.0,368.0,702000.0,21129857328.0,21129857328.0,21129857328.0,2892300.0,248400.0,,0.0,0.0,0.0
2020-11-03T00:00:00,368.0,0.0,0.0,376.0,366.0,368.0,0.0,23140800.0,8525916000.0,2581.0,601.2,370.0,1143400.0,368.0,15300.0,21129857328.0,21129857328.0,21129857328.0,1490100.0,0.0,,0.0,0.0,0.0
2020-11-04T00:00:00,368.0,0.0,0.0,390.0,356.0,368.0,0.0,124973800.0,46839497800.0,8502.0,601.2,368.0,8900.0,366.0,982600.0,21129857328.0,21129857328.0,21129857328.0,5979500.0,1123300.0,,0.0,0.0,0.0
2020-11-05T00:00:00,368.0,0.0,0.0,384.0,372.0,376.0,8.0,94771100.0,35895003800.0,6694.0,614.3,378.0,430300.0,376.0,3500000.0,21129857328.0,21129857328.0,21129857328.0,807600.0,372300.0,,1000.0,388000.0,1.0
2020-11-06T00:00:00,376.0,0.0,0.0,384.0,372.0,372.0,-4.0,47582100.0,17916830200.0,4242.0,607.8,372.0,266300.0,370.0,4816500.0,21129857328.0,21129857328.0,21129857328.0,1485700.0,704300.0,,0.0,0.0,0.0
2020-11-09T00:00:00,372.0,0.0,0.0,380.0,372.0,374.0,2.0,37503000.0,14100466600.0,3064.0,611.0,376.0,445500.0,374.0,3055200.0,21129857328.0,21129857328.0,21129857328.0,1051100.0,944300.0,,0.0,0.0,0.0
2020-11-10T00:00:00,374.0,0.0,0.0,384.0,376.0,380.0,6.0,53295700.0,20205437200.0,3770.0,620.8,382.0,3604200.0,380.0,1229500.0,21129857328.0,21129857328.0,21129857328.0,21800.0,3520100.0,,0.0,0.0,0.0
2020-11-11T00:00:00,380.0,0.0,0.0,406.0,380.0,396.0,16.0,199047600.0,79055538600.0,14183.0,647.0,396.0,663000.0,394.0,1551100.0,21129857328.0,21129857328.0,21129857328.0,8318600.0,4230100.0,,0.0,0.0,0.0
2020-11-12T00:00:00,396.0,0.0,0.0,404.0,388.0,392.0,-4.0,53579000.0,21209346000.0,5174.0,640.4,392.0,1984100.0,390.0,996200.0,21129857328.0,21129857328.0,21129857328.0,4361300.0,36800.0,,0.0,0.0,0.0
2020-11-13T00:00:00,392.0,0.0,0.0,424.0,392.0,408.0,16.0,383577000.0,159042336200.0,21718.0,666.6,410.0,1047600.0,408.0,15700600.0,21129857328.0,21129857328.0,21129857328.0,3942800.0,2305600.0,,0.0,0.0,0.0
2020-11-16T00:00:00,408.0,0.0,0.0,432.0,412.0,422.0,14.0,199719100.0,84509763000.0,13151.0,689.5,424.0,1930400.0,422.0,91700.0,21129857328.0,21129857328.0,21129857328.0,1814800.0,650400.0,,0.0,0.0,0.0
2020-11-17T00:00:00,422.0,0.0,0.0,432.0,416.0,422.0,0.0,101447800.0,43011757200.0,7444.0,689.5,422.0,632900.0,420.0,1926200.0,21129857328.0,21129857328.0,21129857328.0,2463300.0,6133400.0,,0.0,0.0,0.0
2020-11-18T00:00:00,422.0,0.0,0.0,430.0,420.0,422.0,0.0,92889700.0,39462804600.0,5678.0,689.5,424.0,1743900.0,422.0,2782200.0,21129857328.0,21129857328.0,21129857328.0,464200.0,20800.0,,0.0,0.0,0.0
2020-11-19T00:00:00,422.0,0.0,0.0,446.0,422.0,434.0,12.0,199862200.0,87141383600.0,12291.0,709.1,436.0,2500300.0,434.0,831000.0,21129857328.0,21129857328.0,21129857328.0,3765400.0,5104700.0,,0.0,0.0,0.0
2020-11-20T00:00:00,434.0,0.0,0.0,438.0,424.0,424.0,-10.0,56562000.0,24226245800.0,4909.0,692.7,426.0,528700.0,424.0,2140400.0,21129857328.0,21129857328.0,21129857328.0,732000.0,2301700.0,,0.0,0.0,0.0
2020-11-23T00:00:00,424.0,0.0,0.0,440.0,424.0,434.0,10.0,87496400.0,37851492200.0,5837.0,709.1,434.0,1629100.0,432.0,1348700.0,21129857328.0,21129857328.0,21129857328.0,4257100.0,4331200.0,,0.0,0.0,0.0
2020-11-24T00:00:00,434.0,0.0,0.0,440.0,430.0,434.0,0.0,46882400.0,20349424000.0,3677.0,709.1,436.0,1632800.0,434.0,172700.0,21129857328.0,21129857328.0,21129857328.0,1353900.0,1125200.0,,0.0,0.0,0.0
2020-11-25T00:00:00,434.0,0.0,0.0,456.0,432.0,446.0,12.0,241832300.0,107696945400.0,12691.0,728.7,448.0,2866100.0,446.0,1225200.0,21129857328.0,21129857328.0,21129857328.0,14027800.0,16619400.0,,0.0,0.0,0.0
2020-11-26T00:00:00,446.0,0.0,0.0,464.0,444.0,460.0,14.0,165908700.0,75812649200.0,8722.0,751.5,460.0,209500.0,458.0,1797800.0,21129857328.0,21129857328.0,21129857328.0,14755000.0,12396700.0,,0.0,0.0,0.0
2020-11-27T00:00:00,460.0,0.0,0.0,570.0,454.0,570.0,110.0,574595600.0,303748293500.0,24481.0,931.3,575.0,15843300.0,570.0,40869200.0,21129857328.0,21129857328.0,21129857328.0,18834700.0,21037900.0,,0.0,0.0,0.0
2020-11-30T00:00:00,570.0,0.0,0.0,610.0,535.0,540.0,-30.0,593772400.0,341085741500.0,34577.0,882.2,540.0,108000.0,535.0,6784700.0,21129857328.0,21129857328.0,21129857328.0,31215900.0,20433500.0,,1167971.0,665743470.0,1.0
2020-12-01T00:00:00,540.0,0.0,0.0,610.0,525.0,610.0,70.0,520303100.0,299982917000.0,24844.0,996.6,615.0,3219500.0,610.0,59991300.0,21129857328.0,21129857328.0,21129857328.0,20854400.0,28500900.0,,0.0,0.0,0.0
2020-12-02T00:00:00,610.0,0.0,0.0,635.0,600.0,605.0,-5.0,310827500.0,189769132000.0,17943.0,988.4,610.0,8235000.0,605.0,5418700.0,21129857328.0,21129857328.0,21129857328.0,13605700.0,8476600.0,,6300.0,3874500.0,1.0
2020-12-03T00:00:00,605.0,0.0,0.0,680.0,605.0,660.0,55.0,567208700.0,367615480000.0,29806.0,1078.3,660.0,7840700.0,655.0,1657200.0,21129857328.0,21129857328.0,21129857328.0,31936800.0,46536200.0,,100.0,62500.0,1.0
2020-12-04T00:00:00,660.0,0.0,0.0,670.0,635.0,660.0,0.0,228287200.0,149278147500.0,12735.0,1078.3,665.0,1973900.0,660.0,749600.0,21129857328.0,21129857328.0,21129857328.0,26075300.0,10836400.0,,0.0,0.0,0.0
2020-12-07T00:00:00,660.0,0.0,0.0,685.0,655.0,665.0,5.0,193370500.0,129358330000.0,12016.0,1086.5,670.0,2946100.0,665.0,1567600.0,21129857328.0,21129857328.0,21129857328.0,3446700.0,9349400.0,,174400.0,64528000.0,1.0
2020-12-08T00:00:00,665.0,0.0,0.0,690.0,650.0,650.0,-15.0,93642400.0,61818827000.0,6908.0,1062.0,655.0,388000.0,650.0,6843800.0,21129857328.0,21129857328.0,21129857328.0,5364800.0,8762200.0,,0.0,0.0,0.0
2020-12-10T00:00:00,650.0,0.0,0.0,750.0,655.0,730.0,80.0,512367300.0,364363987000.0,28575.0,1192.7,735.0,2461700.0,730.0,7032900.0,21129857328.0,21129857328.0,21129857328.0,21773600.0,59304000.0,,3051000.0,2007617000.0,9.0
2020-12-11T00:00:00,730.0,0.0,0.0,830.0,705.0,790.0,60.0,712898600.0,557221677500.0,43868.0,1290.7,790.0,6612600.0,785.0,2694600.0,21129857328.0,21129857328.0,21129857328.0,82520600.0,43302900.0,,5597500.0,4082880000.0,12.0
2020-12-14T00:00:00,790.0,0.0,0.0,845.0,775.0,820.0,30.0,358402700.0,293399373500.0,26507.0,1339.7,825.0,1776200.0,820.0,14301100.0,21129857328.0,21129857328.0,21129857328.0,36435800.0,35892300.0,,1040400.0,764694000.0,3.0
2020-12-15T00:00:00,820.0,0.0,0.0,850.0,785.0,810.0,-10.0,143829400.0,116536173500.0,12200.0,1323.4,810.0,1839500.0,805.0,2251900.0,21129857328.0,21129857328.0,21129857328.0,16623800.0,17343000.0,,0.0,0.0,0.0
2020-12-16T00:00:00,810.0,0.0,0.0,980.0,800.0,965.0,155.0,557606400.0,501673732500.0,32767.0,1576.6,970.0,814000.0,965.0,21924500.0,21129857328.0,21129857328.0,21129857328.0,27117000.0,26535700.0,,177800.0,169799000.0,1.0
2020-12-17T00:00:00,965.0,0.0,0.0,0.0,0.0,965.0,0.0,0.0,0.0,0.0,1576.6,0.0,0.0,0.0,0.0,21129857328.0,21129857328.0,21129857328.0,0.0,0.0,,0.0,0.0,0.0
2020-12-18T00:00:00,965.0,0.0,0.0,1110.0,940.0,1035.0,70.0,697862200.0,722835918500.0,54178.0,1691.0,1035.0,256200.0,1030.0,1551200.0,21129857328.0,21129857328.0,21129857328.0,55647400.0,45770300.0,,783700.0,724407500.0,9.0
2020-12-21T00:00:00,1035.0,0.0,0.0,0.0,0.0,1035.0,0.0,0.0,0.0,0.0,1691.0,0.0,0.0,0.0,0.0,21129857328.0,21129857328.0,21129857328.0,0.0,0.0,,50000.0,52500000.0,1.0
2020-12-22T00:00:00,1035.0,0.0,0.0,0.0,0.0,1035.0,0.0,0.0,0.0,0.0,1691.0,0.0,0.0,0.0,0.0,21129857328.0,21129857328.0,21129857328.0,0.0,0.0,,157500.0,154000000.0,2.0
2020-12-23T00:00:00,1035.0,0.0,0.0,0.0,0.0,1035.0,0.0,0.0,0.0,0.0,1691.0,0.0,0.0,0.0,0.0,21129857328.0,21129857328.0,21129857328.0,0.0,0.0,,0.0,0.0,0.0
2020-12-28T00:00:00,1035.0,0.0,0.0,0.0,0.0,1035.0,0.0,0.0,0.0,0.0,1691.0,0.0,0.0,0.0,0.0,21129857328.0,21129857328.0,21129857328.0,0.0,0.0,,0.0,0.0,0.0
2020-12-29T00:00:00,1035.0,0.0,0.0,0.0,0.0,1035.0,0.0,0.0,0.0,0.0,1691.0,0.0,0.0,0.0,0.0,21129857328.0,21129857328.0,21129857328.0,0.0,0.0,,0.0,0.0,0.0
2020-12-30T00:00:00,1035.0,0.0,0.0,0.0,0.0,1035.0,0.0,0.0,0.0,0.0,1691.0,0.0,0.0,0.0,0.0,21129857328.0,21129857328.0,21129857328.0,0.0,0.0,,0.0,0.0,0.0
2021-01-04T00:00:00,1035.0,0.0,0.0,1045.0,965.0,1020.0,-15.0,363131400.0,362957275500.0,26986.0,1666.4,1025.0,652700.0,1020.0,1624600.0,21129857328.0,21129857328.0,21129857328.0,3912100.0,4039700.0,,0.0,0.0,0.0
2021-01-05T00:00:00,1020.0,0.0,0.0,1080.0,985.0,1040.0,20.0,214400300.0,225172915500.0,17108.0,1699.1,1045.0,1559100.0,1040.0,6749200.0,21129857328.0,21129857328.0,21129857328.0,5067300.0,5557100.0,,50171.0,50610700.0,3.0
2021-01-06T00:00:00,1040.0,0.0,0.0,1200.0,1040.0,1135.0,95.0,526373900.0,593765081500.0,38907.0,1854.3,1140.0,608600.0,1135.0,1811800.0,21129857328.0,21129857328.0,21129857328.0,13381700.0,12659300.0,,200001.0,217000200.0,2.0
2021-01-07T00:00:00,1135.0,0.0,0.0,1280.0,1145.0,1220.0,85.0,386734100.0,470027768000.0,31777.0,1993.2,1220.0,650300.0,1215.0,638000.0,21129857328.0,21129857328.0,21129857328.0,6160500.0,10521000.0,,430000.0,508600000.0,3.0
2021-01-08T00:00:00,1220.0,0.0,0.0,1275.0,1210.0,1225.0,5.0,228777700.0,285396194500.0,21564.0,2001.4,1225.0,474900.0,1220.0,1222200.0,21129857328.0,21129857328.0,21129857328.0,7155400.0,5472100.0,,91600.0,87246000.0,2.0
2021-01-11T00:00:00,1225.0,0.0,0.0,1325.0,1225.0,1315.0,90.0,218515200.0,281415102000.0,18198.0,2148.4,1320.0,1798400.0,1315.0,1114100.0,21129857328.0,21129857328.0,21129857328.0,6567900.0,17294100.0,,450105.0,445130240.0,4.0
2021-01-12T00:00:00,1315.0,0.0,0.0,1640.0,1310.0,1585.0,270.0,746987500.0,1123980054000.0,66146.0,2589.5,1585.0,699200.0,1580.0,1164200.0,21129857328.0,21129857328.0,21129857328.0,11193700.0,13007900.0,,7100.0,4098000.0,2.0
2021-01-13T00:00:00,1585.0,0.0,0.0,1675.0,1535.0,1590.0,5.0,264771700.0,426390741000.0,37039.0,2597.7,1590.0,127200.0,1585.0,1048200.0,21129857328.0,21129857328.0,21129857328.0,20533500.0,4966000.0,,255900.0,418384000.0,6.0
2021-01-14T00:00:00,1590.0,0.0,0.0,1635.0,1480.0,1515.0,-75.0,195247200.0,303015190500.0,30526.0,2475.2,1515.0,403200.0,1510.0,330200.0,21129857328.0,21129857328.0,21129857328.0,2602100.0,2768500.0,,0.0,0.0,0.0
2021-01-15T00:00:00,1515.0,0.0,0.0,1535.0,1410.0,1420.0,-95.0,271464200.0,392919229500.0,36425.0,2320.0,1425.0,152400.0,1420.0,1829400.0,21129857328.0,21129857328.0,21129857328.0,3907200.0,2708000.0,,400.0,579000.0,2.0
2021-01-18T00:00:00,1420.0,0.0,0.0,1420.0,1325.0,1325.0,-95.0,174872800.0,234038432500.0,20735.0,2164.7,1325.0,42994800.0,0.0,0.0,21129857328.0,21129857328.0,21129857328.0,2389000.0,1311100.0,,35.0,31500.0,1.0
2021-01-19T00:00:00,1325.0,0.0,0.0,1280.0,1235.0,1235.0,-90.0,21279400.0,26337531000.0,2866.0,2017.7,1235.0,95023300.0,0.0,0.0,21129857328.0,21129857328.0,21129857328.0,0.0,86300.0,,415000.0,549875000.0,4.0
2021-01-20T00:00:00,1235.0,0.0,0.0,1340.0,1150.0,1330.0,95.0,640149500.0,779835056500.0,51069.0,2172.9,1335.0,451800.0,1330.0,5288200.0,21129857328.0,21129857328.0,21129857328.0,12468500.0,25604200.0,,2340106.0,3057936350.0,8.0
2021-01-21T00:00:00,1330.0,0.0,0.0,1390.0,1240.0,1240.0,-90.0,214790900.0,275696103500.0,30617.0,2025.9,1240.0,5771500.0,0.0,0.0,21129857328.0,21129857328.0,21129857328.0,15845900.0,2921000.0,,0.0,0.0,0.0
2021-01-22T00:00:00,1240.0,0.0,0.0,1300.0,1155.0,1155.0,-85.0,169074200.0,199677650500.0,20938.0,1887.0,1155.0,9293800.0,0.0,0.0,21129857328.0,21129857328.0,21129857328.0,4303900.0,6262100.0,,0.0,0.0,0.0
2021-01-25T00:00:00,1155.0,0.0,0.0,1155.0,1075.0,1075.0,-80.0,218961500.0,237343101500.0,19574.0,1756.3,1075.0,2277700.0,0.0,0.0,21129857328.0,21129857328.0,21129857328.0,18480500.0,8688300.0,,104500.0,112472500.0,2.0
2021-01-26T00:00:00,1075.0,0.0,0.0,1080.0,1000.0,1000.0,-75.0,294877400.0,301496283000.0,26103.0,1633.8,1000.0,45960000.0,0.0,0.0,21129857328.0,21129857328.0,21129857328.0,4378600.0,18446500.0,,10000.0,10000000.0,1.0
2021-01-27T00:00:00,1000.0,0.0,0.0,1000.0,930.0,930.0,-70.0,259515300.0,242114027500.0,16124.0,1519.4,930.0,34323900.0,0.0,0.0,21129857328.0,21129857328.0,21129857328.0,2061900.0,10184700.0,,100000.0,93000000.0,1.0
2021-01-28T00:00:00,930.0,0.0,0.0,970.0,865.0,865.0,-65.0,479948500.0,432490569000.0,38586.0,1413.2,865.0,36385700.0,0.0,0.0,21129857328.0,21129857328.0,21129857328.0,14267600.0,22245200.0,,300.0,291000.0,1.0
2021-01-29T00:00:00,865.0,0.0,0.0,890.0,805.0,805.0,-60.0,126464200.0,103733388500.0,9834.0,1315.2,805.0,36389600.0,0.0,0.0,21129857328.0,21129857328.0,21129857328.0,1676400.0,8929100.0,,0.0,0.0,0.0
2021-02-01T00:00:00,805.0,0.0,0.0,930.0,750.0,865.0,60.0,558892300.0,453801114000.0,40118.0,1413.2,870.0,522600.0,865.0,5658600.0,21129857328.0,21129857328.0,21129857328.0,18117800.0,27994800.0,,200000.0,160000000.0,1.0
2021-02-02T00:00:00,865.0,0.0,0.0,900.0,805.0,805.0,-60.0,162569700.0,136877469000.0,19188.0,1315.2,805.0,9335000.0,0.0,0.0,21129857328.0,21129857328.0,21129857328.0,22838900.0,4001900.0,,0.0,0.0,0.0
2021-02-03T00:00:00,805.0,0.0,0.0,860.0,755.0,845.0,40.0,204467700.0,168351675500.0,19945.0,1380.5,850.0,2441700.0,845.0,950600.0,21129857328.0,21129857328.0,21129857328.0,6101200.0,14720700.0,,262000.0,240728000.0,2.0
2021-02-04T00:00:00,845.0,0.0,0.0,870.0,795.0,805.0,-40.0,125406900.0,104321703500.0,14745.0,1315.2,810.0,474200.0,805.0,559000.0,21129857328.0,21129857328.0,21129857328.0,9192500.0,2637800.0,,215000.0,189800000.0,2.0
2021-02-05T00:00:00,805.0,0.0,0.0,845.0,790.0,825.0,20.0,72513100.0,59455972000.0,9097.0,1347.9,830.0,1281900.0,825.0,3257500.0,21129857328.0,21129857328.0,21129857328.0,5057100.0,9425900.0,,200000.0,178000000.0,1.0
2021-02-08T00:00:00,825.0,0.0,0.0,975.0,830.0,955.0,130.0,429560200.0,395242021500.0,40247.0,1560.3,960.0,1481300.0,955.0,24494500.0,21129857328.0,21129857328.0,21129857328.0,22748900.0,15262600.0,,212200.0,169614000.0,4.0
2021-02-09T00:00:00,955.0,0.0,0.0,1115.0,955.0,1055.0,100.0,890213700.0,920530117500.0,85398.0,1723.6,1060.0,1872100.0,1055.0,49918400.0,21129857328.0,21129857328.0,21129857328.0,38458600.0,18483200.0,,10200.0,11943000.0,2.0
2021-02-10T00:00:00,1055.0,0.0,0.0,1075.0,1015.0,1045.0,-10.0,238116600.0,250246587500.0,24802.0,1707.3,1045.0,2699900.0,1040.0,1382200.0,21129857328.0,21129857328.0,21129857328.0,18813200.0,5988900.0,,100092.0,105094760.0,2.0
2021-02-11T00:00:00,1045.0,0.0,0.0,1090.0,1025.0,1055.0,10.0,180826100.0,192594527500.0,20596.0,1723.6,1060.0,613200.0,1055.0,1361100.0,21129857328.0,21129857328.0,21129857328.0,4486200.0,5037500.0,,0.0,0.0,0.0
2021-02-15T00:00:00,1055.0,0.0,0.0,1080.0,1040.0,1045.0,-10.0,80390200.0,85103033500.0,13199.0,1707.3,1050.0,1292700.0,1045.0,1842400.0,21129857328.0,21129857328.0,21129857328.0,715300.0,491100.0,,100.0,105500.0,1.0
2021-02-16T00:00:00,1045.0,0.0,0.0,1160.0,1045.0,1140.0,95.0,427632700.0,480460147000.0,45345.0,1862.5,1140.0,1611300.0,1135.0,1539600.0,21129857328.0,21129857328.0,21129857328.0,4182900.0,9971800.0,,92500.0,111462500.0,2.0
2021-02-17T00:00:00,1140.0,0.0,0.0,1160.0,1065.0,1075.0,-65.0,202213700.0,221503474000.0,25523.0,1756.3,1075.0,3580300.0,1070.0,7645600.0,21129857328.0,21129857328.0,21129857328.0,6521700.0,1965600.0,,10000.0,11100000.0,1.0
2021-02-18T00:00:00,1075.0,0.0,0.0,1135.0,1030.0,1095.0,20.0,227006900.0,249831033000.0,28002.0,1789.0,1100.0,830800.0,1095.0,5124600.0,21129857328.0,21129857328.0,21129857328.0,4619800.0,4752100.0,,1250800.0,1383378171.0,2.0
2021-02-19T00:00:00,1095.0,0.0,0.0,1185.0,1075.0,1160.0,65.0,372905200.0,426660104500.0,36832.0,1895.2,1165.0,634300.0,1160.0,15822100.0,21129857328.0,21129857328.0,21129857328.0,4884800.0,10373400.0,,0.0,0.0,0.0
2021-02-22T00:00:00,1160.0,0.0,0.0,1310.0,1160.0,1275.0,115.0,494930800.0,623318849500.0,57061.0,2083.1,1275.0,1527100.0,1270.0,1505300.0,21129857328.0,21129857328.0,21129857328.0,8425700.0,14985400.0,,0.0,0.0,0.0
2021-02-23T00:00:00,1275.0,0.0,0.0,1290.0,1240.0,1260.0,-15.0,150576600.0,189691150500.0,22763.0,2058.6,1260.0,1093400.0,1255.0,2034500.0,21129857328.0,21129857328.0,21129857328.0,11955700.0,1055600.0,,200000.0,251000000.0,1.0
2021-02-24T00:00:00,1260.0,0.0,0.0,1445.0,1260.0,1415.0,155.0,654457500.0,903947603500.0,71189.0,2311.8,1415.0,6113800.0,1410.0,2647700.0,21129857328.0,21129857328.0,21129857328.0,9918500.0,55956000.0,,400.0,540000.0,4.0
2021-02-25T00:00:00,1415.0,0.0,0.0,1495.0,1400.0,1410.0,-5.0,324035900.0,468014228000.0,44912.0,2303.6,1415.0,976200.0,1410.0,1211000.0,21129857328.0,21129857328.0,21129857328.0,34649000.0,5212400.0,,0.0,0.0,0.0
2021-02-26T00:00:00,1410.0,0.0,0.0,1445.0,1320.0,1355.0,-55.0,323086100.0,443464253500.0,36529.0,2213.8,1355.0,1759200.0,1350.0,1378500.0,21129857328.0,21129857328.0,21129857328.0,11383500.0,8297800.0,,300.0,424500.0,1.0
2021-03-01T00:00:00,1355.0,0.0,0.0,1410.0,1275.0,1375.0,20.0,248021300.0,333530214000.0,34816.0,2246.4,1380.0,2155000.0,1375.0,353200.0,21129857328.0,21129857328.0,21129857328.0,1301700.0,3930100.0,,2000.0,2670000.0,1.0
2021-03-02T00:00:00,1375.0,0.0,0.0,1415.0,1350.0,1355.0,-20.0,131870700.0,181310985000.0,21822.0,2213.8,1360.0,800700.0,1355.0,2009900.0,21129857328.0,21129857328.0,21129857328.0,1077200.0,1264200.0,,36800.0,50620000.0,2.0
2021-03-03T00:00:00,1355.0,0.0,0.0,1420.0,1325.0,1345.0,-10.0,184963100.0,254764649500.0,23958.0,2197.4,1350.0,1977700.0,1345.0,1026800.0,21129857328.0,21129857328.0,21129857328.0,3168000.0,3395100.0,,100000.0,136000000.0,1.0
2021-03-04T00:00:00,1345.0,0.0,0.0,1360.0,1255.0,1260.0,-85.0,181283500.0,234370166000.0,25430.0,2058.6,1260.0,3136500.0,1255.0,7555900.0,21129857328.0,21129857328.0,21129857328.0,2871000.0,2609700.0,,0.0,0.0,0.0
2021-03-05T00:00:00,1260.0,0.0,0.0,1290.0,1200.0,1215.0,-45.0,139601900.0,172944192500.0,19320.0,1985.0,1215.0,864800.0,1210.0,492900.0,21129857328.0,21129857328.0,21129857328.0,5430900.0,13199500.0,,0.0,0.0,0.0
2021-03-08T00:00:00,1215.0,0.0,0.0,1275.0,1160.0,1165.0,-50.0,115866600.0,141211977500.0,18499.0,1903.3,1165.0,596200.0,1160.0,1886400.0,21129857328.0,21129857328.0,21129857328.0,9476200.0,4544300.0,,0.0,0.0,0.0
2021-03-09T00:00:00,1165.0,0.0,0.0,1205.0,1130.0,1160.0,-5.0,166040800.0,193771580000.0,21960.0,1895.2,1165.0,777000.0,1160.0,296600.0,21129857328.0,21129857328.0,21129857328.0,8734600.0,13974300.0,,0.0,0.0,0.0
2021-03-10T00:00:00,1160.0,0.0,0.0,1195.0,1150.0,1155.0,-5.0,86488600.0,101301428500.0,11885.0,1887.0,1155.0,214500.0,1150.0,2152000.0,21129857328.0,21129857328.0,21129857328.0,5014100.0,11197400.0,,50200.0,58237000.0,2.0
2021-03-12T00:00:00,1155.0,0.0,0.0,1255.0,1150.0,1245.0,90.0,185607100.0,224190528500.0,23719.0,2034.0,1250.0,1283600.0,1245.0,13295900.0,21129857328.0,21129857328.0,21129857328.0,13923700.0,9300200.0,,1000.0,1160000.0,1.0
2021-03-15T00:00:00,1245.0,0.0,0.0,1310.0,1230.0,1275.0,30.0,192121400.0,244706533500.0,27631.0,2083.1,1275.0,3227800.0,1270.0,890500.0,21129857328.0,21129857328.0,21129857328.0,15366600.0,4717600.0,,309400.0,389203000.0,2.0
2021-03-16T00:00:00,1275.0,0.0,0.0,1380.0,1275.0,1335.0,60.0,313001600.0,415137963500.0,39160.0,2181.1,1340.0,986500.0,1335.0,223600.0,21129857328.0,21129857328.0,21129857328.0,4588100.0,4929300.0,,0.0,0.0,0.0
2021-03-17T00:00:00,1335.0,0.0,0.0,1380.0,1280.0,1290.0,-45.0,134253900.0,177353027000.0,21616.0,2107.6,1290.0,3060000.0,1285.0,1340100.0,21129857328.0,21129857328.0,21129857328.0,987300.0,70200.0,,0.0,0.0,0.0
2021-03-18T00:00:00,1290.0,0.0,0.0,1330.0,1285.0,1295.0,5.0,126943400.0,166088293500.0,14457.0,2115.7,1295.0,1616500.0,1290.0,2193400.0,21129857328.0,21129857328.0,21129857328.0,1335900.0,526200.0,,1980100.0,2593928500.0,2.0
2021-03-19T00:00:00,1295.0,0.0,0.0,1295.0,1215.0,1250.0,-45.0,112127800.0,140248157500.0,18611.0,2042.2,1255.0,155000.0,1250.0,30542300.0,21129857328.0,21129857328.0,21129857328.0,157600.0,532900.0,,0.0,0.0,0.0
2021-03-22T00:00:00,1250.0,0.0,0.0,1275.0,1235.0,1245.0,-5.0,60928200.0,76627753500.0,8831.0,2034.0,1245.0,1592800.0,1240.0,1035800.0,21129857328.0,21129857328.0,21129857328.0,1025100.0,12476600.0,,0.0,0.0,0.0
2021-03-23T00:00:00,1245.0,0.0,0.0,1265.0,1175.0,1200.0,-45.0,92660800.0,112275649500.0,14335.0,1960.5,1200.0,915100.0,1195.0,490000.0,21129857328.0,21129857328.0,21129857328.0,1925400.0,7467700.0,,700.0,868500.0,3.0
2021-03-24T00:00:00,1200.0,0.0,0.0,1220.0,1160.0,1165.0,-35.0,83325700.0,98829284500.0,13068.0,1903.3,1170.0,454400.0,1165.0,2555200.0,21129857328.0,21129857328.0,21129857328.0,3511900.0,10304800.0,,150200.0,195236000.0,2.0
2021-03-25T00:00:00,1165.0,0.0,0.0,1175.0,1085.0,1085.0,-80.0,176943500.0,195377423000.0,22253.0,1772.6,1085.0,20501300.0,0.0,0.0,21129857328.0,21129857328.0,21129857328.0,2704500.0,2181700.0,,160000.0,183050000.0,2.0
2021-03-26T00:00:00,1085.0,0.0,0.0,1145.0,1035.0,1115.0,30.0,166566400.0,182089071000.0,25531.0,1821.7,1120.0,664800.0,1115.0,1037000.0,21129857328.0,21129857328.0,21129857328.0,4881600.0,6666300.0,,0.0,0.0,0.0
2021-03-29T00:00:00,1115.0,0.0,0.0,1135.0,1075.0,1080.0,-35.0,60241300.0,66328419000.0,12260.0,1764.5,1085.0,186100.0,1080.0,30100.0,21129857328.0,21129857328.0,21129857328.0,3146900.0,1687500.0,,0.0,0.0,0.0
2021-03-30T00:00:00,1080.0,0.0,0.0,1130.0,1055.0,1060.0,-20.0,68336800.0,74452996500.0,12548.0,1731.8,1065.0,201400.0,1060.0,1623700.0,21129857328.0,21129857328.0,21129857328.0,3104700.0,3356800.0,,0.0,0.0,0.0
2021-03-31T00:00:00,1060.0,0.0,0.0,1070.0,990.0,1020.0,-40.0,127331600.0,129607763500.0,18671.0,1666.4,1025.0,891900.0,1020.0,384100.0,21129857328.0,21129857328.0,21129857328.0,4944600.0,9512900.0,,0.0,0.0,0.0
2021-04-01T00:00:00,1020.0,0.0,0.0,1085.0,1015.0,1075.0,55.0,110242800.0,116273332500.0,13423.0,1756.3,1080.0,969600.0,1075.0,1306400.0,21129857328.0,21129857328.0,21129857328.0,11307600.0,8513300.0,,0.0,0.0,0.0
2021-04-05T00:00:00,1075.0,0.0,0.0,1100.0,1040.0,1065.0,-10.0,76189600.0,81616900500.0,8928.0,1740.0,1070.0,127700.0,1065.0,425600.0,21129857328.0,21129857328.0,21129857328.0,4140000.0,1923900.0,,0.0,0.0,0.0
2021-04-06T00:00:00,1065.0,0.0,0.0,1090.0,1055.0,1070.0,5.0,45901500.0,49344045500.0,6929.0,1748.1,1075.0,404100.0,1070.0,5100.0,21129857328.0,21129857328.0,21129857328.0,1894700.0,4409700.0,,200000.0,215000000.0,1.0
2021-04-07T00:00:00,1070.0,0.0,0.0,1080.0,1030.0,1040.0,-30.0,50975500.0,53294095500.0,7870.0,1699.1,1045.0,315900.0,1040.0,69300.0,21201088255.0,21201088255.0,21201088255.0,3945200.0,2752400.0,,20000.0,21200000.0,1.0
2021-04-08T00:00:00,1040.0,0.0,0.0,1085.0,1000.0,1065.0,25.0,166096900.0,172823668500.0,16444.0,1740.0,1070.0,968800.0,1065.0,52100.0,21281523792.0,21281523792.0,21281523792.0,6170800.0,12603600.0,,0.0,0.0,0.0
2021-04-09T00:00:00,1065.0,0.0,0.0,1115.0,1045.0,1055.0,-10.0,125827100.0,135985035500.0,16859.0,1723.6,1060.0,234400.0,1055.0,1004100.0,21281523792.0,21281523792.0,21281523792.0,11308800.0,3923400.0,,4733000.0,4922320000.0,13.0
2021-04-12T00:00:00,1055.0,0.0,0.0,1070.0,1005.0,1010.0,-45.0,59417400.0,60855118000.0,10372.0,1650.1,1010.0,1532500.0,1005.0,2982600.0,21281523792.0,21281523792.0,21281523792.0,2078700.0,1983700.0,,7162180.0,7466792200.0,57.0
2021-04-13T00:00:00,1010.0,0.0,0.0,1015.0,975.0,995.0,-15.0,78254400.0,77763533000.0,11023.0,1625.6,1000.0,593800.0,995.0,4858000.0,21281523792.0,21281523792.0,21281523792.0,2711800.0,3522500.0,,1895150.0,1970956000.0,12.0
2021-04-14T00:00:00,995.0,0.0,0.0,1030.0,995.0,1020.0,25.0,67307000.0,68562222500.0,7910.0,1666.4,1025.0,2034500.0,1020.0,3239700.0,21281523792.0,21281523792.0,21281523792.0,1782300.0,13225900.0,,4562385.0,4537831155.0,39.0
2021-04-15T00:00:00,1020.0,0.0,0.0,1030.0,990.0,995.0,-25.0,49009400.0,49210778000.0,7641.0,1625.6,1000.0,814000.0,995.0,4320000.0,21281523792.0,21281523792.0,21281523792.0,2935400.0,4300000.0,,2843172.0,2828956140.0,34.0
2021-04-16T00:00:00,995.0,0.0,0.0,1030.0,995.0,1005.0,10.0,58637800.0,59195151000.0,6135.0,1641.9,1010.0,1705900.0,1005.0,1649400.0,21306390916.0,21306390916.0,21306390916.0,3168700.0,3369700.0,,0.0,0.0,0.0
2021-04-19T00:00:00,1005.0,0.0,0.0,1040.0,1000.0,1005.0,0.0,102783500.0,104653806500.0,10212.0,1641.9,1010.0,1459000.0,1005.0,1309000.0,21306390916.0,21306390916.0,21306390916.0,7635000.0,8160800.0,,0.0,0.0,0.0
2021-04-20T00:00:00,1005.0,0.0,0.0,1015.0,995.0,1000.0,-5.0,30665000.0,30755253000.0,4170.0,1633.8,1000.0,322300.0,995.0,4242700.0,21306390916.0,21306390916.0,21306390916.0,2635200.0,2739300.0,,300.0,301500.0,1.0
2021-04-21T00:00:00,1000.0,0.0,0.0,1005.0,990.0,995.0,-5.0,29012300.0,28962482000.0,3891.0,1625.6,1000.0,394300.0,995.0,1608200.0,21306390916.0,21306390916.0,21306390916.0,45300.0,2512600.0,,268800.0,268725600.0,6.0
2021-04-22T00:00:00,995.0,0.0,0.0,1010.0,995.0,1000.0,5.0,35081900.0,35142614500.0,3706.0,1633.8,1005.0,1662900.0,1000.0,1127900.0,21306390916.0,21306390916.0,21306390916.0,848600.0,3687000.0,,110000.0,110089500.0,3.0
2021-04-23T00:00:00,1000.0,0.0,0.0,1010.0,1000.0,1005.0,5.0,32850200.0,33011313500.0,3547.0,1641.9,1005.0,919500.0,1000.0,2388800.0,21306390916.0,21306390916.0,21306390916.0,114600.0,4129700.0,,0.0,0.0,0.0
2021-04-26T00:00:00,1005.0,0.0,0.0,1015.0,990.0,995.0,-10.0,22843800.0,22808501000.0,4138.0,1625.6,995.0,36200.0,990.0,5347200.0,21306390916.0,21306390916.0,21306390916.0,3341000.0,945600.0,,0.0,0.0,0.0
2021-04-27T00:00:00,995.0,0.0,0.0,1000.0,930.0,935.0,-60.0,113712400.0,108257455500.0,15065.0,1527.6,940.0,988100.0,935.0,217400.0,21306390916.0,21306390916.0,21306390916.0,13825300.0,378700.0,,0.0,0.0,0.0
2021-04-28T00:00:00,935.0,0.0,0.0,945.0,900.0,910.0,-25.0,64189500.0,58705686500.0,9795.0,1486.7,910.0,100100.0,905.0,1071500.0,21306390916.0,21306390916.0,21306390916.0,3929900.0,2833300.0,,0.0,0.0,0.0
2021-04-29T00:00:00,910.0,0.0,0.0,945.0,905.0,935.0,25.0,72479500.0,67504108500.0,8118.0,1527.6,940.0,2875100.0,935.0,11231600.0,21306390916.0,21306390916.0,21306390916.0,2157100.0,9161200.0,,0.0,0.0,0.0
2021-04-30T00:00:00,935.0,0.0,0.0,945.0,915.0,920.0,-15.0,29965100.0,27721395500.0,4454.0,1503.1,920.0,1039900.0,915.0,2461300.0,21306390916.0,21306390916.0,21306390916.0,2588500.0,3256100.0,,800000.0,728000000.0,1.0
2021-05-03T00:00:00,920.0,0.0,0.0,925.0,880.0,880.0,-40.0,56192800.0,50288990500.0,8912.0,1437.7,885.0,211900.0,880.0,3407500.0,21306390916.0,21306390916.0,21306390916.0,2124300.0,9114600.0,,0.0,0.0,0.0
2021-05-04T00:00:00,880.0,0.0,0.0,925.0,880.0,910.0,30.0,61076800.0,55271573500.0,6796.0,1486.7,915.0,717600.0,910.0,1792700.0,21306390916.0,21306390916.0,21306390916.0,117900.0,14958800.0,,0.0,0.0,0.0
2021-05-05T00:00:00,910.0,0.0,0.0,955.0,900.0,930.0,20.0,59543500.0,55661196500.0,7469.0,1519.4,930.0,418700.0,925.0,1164000.0,21374548579.0,21374548579.0,21374548579.0,2167400.0,9610400.0,,0.0,0.0,0.0
2021-05-06T00:00:00,930.0,0.0,0.0,960.0,910.0,940.0,10.0,96848700.0,91001506500.0,10684.0,1535.7,945.0,909400.0,940.0,1863600.0,21374548579.0,21374548579.0,21374548579.0,4151700.0,10768500.0,,78480.0,72201600.0,1.0
2021-05-07T00:00:00,940.0,0.0,0.0,950.0,910.0,910.0,-30.0,37659900.0,34968920500.0,5480.0,1486.7,910.0,480800.0,905.0,1709400.0,21374548579.0,21374548579.0,21374548579.0,7301400.0,5514700.0,,0.0,0.0,0.0
2021-05-10T00:00:00,910.0,0.0,0.0,925.0,905.0,915.0,5.0,19014700.0,17403376000.0,3126.0,1494.9,920.0,1151700.0,915.0,562600.0,21375790539.0,21375790539.0,21375790539.0,568700.0,3068600.0,,20000.0,18200000.0,1.0
2021-05-11T00:00:00,915.0,0.0,0.0,925.0,895.0,915.0,0.0,24746800.0,22523726000.0,3509.0,1494.9,920.0,1186400.0,915.0,486100.0,21375790539.0,21375790539.0,21375790539.0,176100.0,4127800.0,,0.0,0.0,0.0
2021-05-17T00:00:00,915.0,0.0,0.0,920.0,880.0,880.0,-35.0,40179800.0,35935632000.0,5269.0,1437.7,885.0,212700.0,880.0,2199000.0,21375790539.0,21375790539.0,21375790539.0,4497500.0,1419100.0,,0.0,0.0,0.0
2021-05-18T00:00:00,880.0,0.0,0.0,900.0,835.0,865.0,-15.0,33131800.0,28478520500.0,5731.0,1413.2,870.0,727700.0,865.0,200800.0,21379233779.0,21379233779.0,21379233779.0,2000600.0,2210900.0,,3200.0,2976000.0,1.0
2021-05-19T00:00:00,865.0,0.0,0.0,875.0,835.0,840.0,-25.0,32014000.0,27342239000.0,3870.0,1372.4,845.0,479700.0,840.0,511100.0,21379233779.0,21379233779.0,21379233779.0,1002100.0,4856200.0,,5000.0,4275000.0,1.0
2021-05-20T00:00:00,840.0,0.0,0.0,870.0,830.0,845.0,5.0,27775100.0,23725172000.0,3069.0,1380.5,845.0,106600.0,840.0,1026400.0,21379233779.0,21379233779.0,21379233779.0,1426800.0,2460200.0,,0.0,0.0,0.0
2021-05-21T00:00:00,845.0,0.0,0.0,855.0,815.0,825.0,-20.0,32459800.0,26947555000.0,4150.0,1347.9,830.0,514200.0,825.0,380300.0,21379233779.0,21379233779.0,21379233779.0,881700.0,916700.0,,6224300.0,5141271800.0,1.0
2021-05-22T00:00:00,825.0,0.0,0.0,830.0,830.0,830.0,5.0,3500.0,2905000.0,5.0,1356.0,0.0,0.0,0.0,0.0,21379233779.0,21379233779.0,21379233779.0,0.0,0.0,,0.0,0.0,0.0
2021-05-24T00:00:00,825.0,0.0,0.0,840.0,805.0,805.0,-20.0,33371000.0,27242730000.0,3828.0,1315.2,805.0,1524600.0,800.0,1515500.0,21379233779.0,21379233779.0,21379233779.0,3706200.0,2988400.0,,600000.0,498000000.0,1.0
2021-05-25T00:00:00,805.0,0.0,0.0,860.0,800.0,840.0,35.0,50961500.0,42638979000.0,4989.0,1372.4,840.0,113400.0,835.0,105000.0,21379233779.0,21379233779.0,21379233779.0,4108300.0,6951700.0,,600000.0,498000000.0,1.0
2021-05-27T00:00:00,840.0,0.0,0.0,875.0,840.0,840.0,0.0,42475500.0,36360065500.0,4870.0,1372.4,840.0,149900.0,835.0,1192500.0,21379233779.0,21379233779.0,21379233779.0,5379300.0,5555500.0,,4239300.0,3619447676.0,7.0
2021-05-28T00:00:00,840.0,0.0,0.0,890.0,840.0,880.0,40.0,49961600.0,43410165500.0,4590.0,1437.7,885.0,726500.0,880.0,86700.0,21379233779.0,21379233779.0,21379233779.0,1855300.0,5030500.0,,5182000.0,4498868341.0,4.0
2021-05-31T00:00:00,880.0,0.0,0.0,935.0,865.0,920.0,40.0,61090600.0,55380703500.0,8084.0,1503.1,925.0,1394600.0,920.0,680600.0,21379233779.0,21379233779.0,21379233779.0,4019400.0,2234100.0,,50000.0,44000000.0,1.0
2021-06-02T00:00:00,920.0,0.0,0.0,970.0,920.0,950.0,30.0,71411700.0,67569815000.0,7760.0,1552.1,955.0,364900.0,950.0,40900.0,21379233779.0,21379233779.0,21379233779.0,11381800.0,2435600.0,,100.0,93500.0,1.0
2021-06-03T00:00:00,950.0,0.0,0.0,965.0,930.0,935.0,-15.0,27103500.0,25619968500.0,4166.0,1527.6,940.0,849200.0,935.0,1386800.0,21379233779.0,21379233779.0,21379233779.0,2392700.0,2653600.0,,0.0,0.0,0.0
2021-06-04T00:00:00,935.0,0.0,0.0,1010.0,930.0,965.0,30.0,182283100.0,178908999000.0,16720.0,1576.6,970.0,519400.0,965.0,858000.0,21379233779.0,21379233779.0,21379233779.0,22032900.0,9949500.0,,6500.0,6370000.0,1.0
2021-06-07T00:00:00,965.0,0.0,0.0,1010.0,960.0,965.0,0.0,93595500.0,92422424500.0,10372.0,1576.6,970.0,317600.0,965.0,2261800.0,21379233779.0,21379233779.0,21379233779.0,19848800.0,1553900.0,,0.0,0.0,0.0
2021-06-08T00:00:00,965.0,0.0,0.0,980.0,915.0,965.0,0.0,64577800.0,60983297500.0,7682.0,1576.6,965.0,835400.0,960.0,196800.0,21379233779.0,21379233779.0,21379233779.0,6638300.0,6641600.0,,0.0,0.0,0.0
2021-06-09T00:00:00,965.0,0.0,0.0,1095.0,950.0,1085.0,120.0,274117800.0,286320123000.0,26390.0,1772.6,1085.0,747900.0,1080.0,3274300.0,21379233779.0,21379233779.0,21379233779.0,5410200.0,16134200.0,,257907.0,245779050.0,2.0
2021-06-10T00:00:00,1085.0,0.0,0.0,1195.0,1075.0,1165.0,80.0,317385200.0,361515763000.0,31949.0,1903.3,1170.0,674500.0,1165.0,4802900.0,21379233779.0,21379233779.0,21379233779.0,12215800.0,14348400.0,,0.0,0.0,0.0
2021-06-11T00:00:00,1165.0,0.0,0.0,1190.0,1130.0,1135.0,-30.0,126399900.0,145705061500.0,16363.0,1854.3,1140.0,967200.0,1135.0,1149600.0,21379233779.0,21379233779.0,21379233779.0,3337500.0,20995700.0,,0.0,0.0,0.0
2021-06-14T00:00:00,1135.0,0.0,0.0,1155.0,1095.0,1105.0,-30.0,78183300.0,87166352000.0,12067.0,1805.3,1110.0,497500.0,1105.0,1254400.0,21379233779.0,21379233779.0,21379233779.0,2488800.0,13577900.0,,100.0,113500.0,1.0
